<TICKER>;<PER>;<DATE>;<TIME>;<CLOSE>;<VOL>
D&J-IND;D;20101001;0;10829.6800000;0
D&J-IND;D;20101004;0;10751.2700000;0
D&J-IND;D;20101005;0;10944.7200000;0
D&J-IND;D;20101006;0;10967.6500000;0
D&J-IND;D;20101007;0;10948.5800000;0
D&J-IND;D;20101008;0;11006.4800000;0
D&J-IND;D;20101011;0;11010.3400000;0
D&J-IND;D;20101012;0;11020.4000000;0
D&J-IND;D;20101013;0;11096.0800000;0
D&J-IND;D;20101014;0;11094.5700000;0
D&J-IND;D;20101015;0;11062.7800000;0
D&J-IND;D;20101018;0;11143.6900000;0
D&J-IND;D;20101019;0;10978.6200000;0
D&J-IND;D;20101020;0;11107.9700000;0
D&J-IND;D;20101021;0;11146.5700000;0
D&J-IND;D;20101022;0;11132.5600000;0
D&J-IND;D;20101025;0;11164.0500000;0
D&J-IND;D;20101026;0;11169.4600000;0
D&J-IND;D;20101027;0;11126.2800000;0
D&J-IND;D;20101028;0;11113.9500000;0
D&J-IND;D;20101029;0;11118.4900000;0
D&J-IND;D;20101101;0;11124.6200000;0
D&J-IND;D;20101102;0;11188.7200000;0
D&J-IND;D;20101103;0;11215.1300000;0
D&J-IND;D;20101104;0;11434.8400000;0
D&J-IND;D;20101105;0;11444.0800000;0
D&J-IND;D;20101108;0;11406.8400000;0
D&J-IND;D;20101109;0;11346.7500000;0
D&J-IND;D;20101110;0;11357.0400000;0
D&J-IND;D;20101111;0;11283.1000000;0
D&J-IND;D;20101112;0;11192.5800000;0
D&J-IND;D;20101115;0;11201.9700000;0
D&J-IND;D;20101116;0;11023.5000000;0
D&J-IND;D;20101117;0;11007.8800000;0
D&J-IND;D;20101118;0;11181.2300000;0
D&J-IND;D;20101119;0;11203.5500000;0
D&J-IND;D;20101122;0;11178.5800000;0
D&J-IND;D;20101123;0;11036.3700000;0
D&J-IND;D;20101124;0;11187.2800000;0
D&J-IND;D;20101126;0;11092.0000000;0
D&J-IND;D;20101129;0;11052.4900000;0
D&J-IND;D;20101130;0;11006.0200000;0
D&J-IND;D;20101201;0;11255.7800000;0
D&J-IND;D;20101202;0;11362.4100000;0
D&J-IND;D;20101203;0;11381.6400000;0
D&J-IND;D;20101206;0;11362.1900000;0
D&J-IND;D;20101207;0;11359.1600000;0
D&J-IND;D;20101208;0;11372.4800000;0
D&J-IND;D;20101209;0;11370.0600000;0
D&J-IND;D;20101210;0;11410.3200000;0
D&J-IND;D;20101213;0;11428.5600000;0
D&J-IND;D;20101214;0;11476.5400000;0
D&J-IND;D;20101215;0;11457.4700000;0
D&J-IND;D;20101216;0;11499.2500000;0
D&J-IND;D;20101217;0;11491.9100000;0
D&J-IND;D;20101220;0;11478.1300000;0
D&J-IND;D;20101221;0;11533.1600000;0
D&J-IND;D;20101222;0;11559.4900000;0
D&J-IND;D;20101223;0;11573.4900000;0
D&J-IND;D;20101227;0;11555.0300000;0
D&J-IND;D;20101228;0;11575.5400000;0
D&J-IND;D;20101229;0;11585.3800000;0
D&J-IND;D;20101230;0;11569.7100000;0
D&J-IND;D;20101231;0;11577.5100000;0
D&J-IND;D;20110103;0;11698.9800000;0
D&J-IND;D;20110105;0;11722.8900000;0
D&J-IND;D;20110106;0;11697.3100000;0
D&J-IND;D;20110107;0;11674.7600000;0
D&J-IND;D;20110110;0;11637.4500000;0
D&J-IND;D;20110111;0;11671.8800000;0
D&J-IND;D;20110112;0;11755.4400000;0
D&J-IND;D;20110113;0;11731.9000000;0
D&J-IND;D;20110114;0;11787.3800000;0
D&J-IND;D;20110118;0;11837.9300000;0
D&J-IND;D;20110119;0;11825.2900000;0
D&J-IND;D;20110120;0;11822.8700000;0
D&J-IND;D;20110121;0;11871.8400000;0
D&J-IND;D;20110124;0;11980.5200000;0
D&J-IND;D;20110125;0;11977.1900000;0
D&J-IND;D;20110126;0;11985.4400000;0
D&J-IND;D;20110127;0;11989.8300000;0
D&J-IND;D;20110128;0;11823.7000000;0
D&J-IND;D;20110131;0;11891.9300000;0
D&J-IND;D;20110201;0;12040.1600000;0
D&J-IND;D;20110202;0;12041.9700000;0
D&J-IND;D;20110203;0;12062.2600000;0
D&J-IND;D;20110204;0;12092.1500000;0
D&J-IND;D;20110207;0;12161.4000000;0
D&J-IND;D;20110208;0;12233.1500000;0
D&J-IND;D;20110209;0;12239.8900000;0
D&J-IND;D;20110210;0;12229.2900000;0
D&J-IND;D;20110211;0;12273.2600000;0
D&J-IND;D;20110214;0;12268.1900000;0
D&J-IND;D;20110215;0;12226.6400000;0
D&J-IND;D;20110216;0;12288.1700000;0
D&J-IND;D;20110217;0;12318.1400000;0
D&J-IND;D;20110218;0;12391.2500000;0
D&J-IND;D;20110222;0;12212.7900000;0
D&J-IND;D;20110223;0;12105.7800000;0
D&J-IND;D;20110224;0;12068.5000000;0
D&J-IND;D;20110225;0;12130.4500000;0
D&J-IND;D;20110228;0;12226.3400000;0
D&J-IND;D;20110301;0;12058.0200000;0
D&J-IND;D;20110302;0;12066.8000000;0
D&J-IND;D;20110303;0;12258.2000000;0
D&J-IND;D;20110304;0;12169.8800000;0
D&J-IND;D;20110307;0;12090.0300000;0
D&J-IND;D;20110308;0;12214.3800000;0
D&J-IND;D;20110309;0;12213.0900000;0
D&J-IND;D;20110310;0;11984.6100000;0
D&J-IND;D;20110311;0;12044.4000000;0
D&J-IND;D;20110314;0;11993.1600000;0
D&J-IND;D;20110315;0;11855.4200000;0
D&J-IND;D;20110316;0;11613.3000000;0
D&J-IND;D;20110317;0;11774.5900000;0
D&J-IND;D;20110318;0;11858.5200000;0
D&J-IND;D;20110321;0;12036.5300000;0
D&J-IND;D;20110322;0;12018.6300000;0
D&J-IND;D;20110323;0;12086.0200000;0
D&J-IND;D;20110324;0;12170.5600000;0
D&J-IND;D;20110325;0;12220.5900000;0
D&J-IND;D;20110328;0;12198.1900000;0
D&J-IND;D;20110329;0;12279.0100000;0
D&J-IND;D;20110330;0;12350.6100000;0
D&J-IND;D;20110331;0;12319.7300000;0
D&J-IND;D;20110401;0;12376.7200000;0
D&J-IND;D;20110404;0;12400.0300000;0
D&J-IND;D;20110405;0;12393.9000000;0
D&J-IND;D;20110406;0;12426.7500000;0
D&J-IND;D;20110407;0;12409.4900000;0
D&J-IND;D;20110408;0;12380.0500000;0
D&J-IND;D;20110411;0;12381.1100000;0
D&J-IND;D;20110412;0;12263.5800000;0
D&J-IND;D;20110413;0;12270.9900000;0
D&J-IND;D;20110414;0;12285.1500000;0
D&J-IND;D;20110415;0;12341.8300000;0
D&J-IND;D;20110418;0;12201.5900000;0
D&J-IND;D;20110419;0;12266.7500000;0
D&J-IND;D;20110420;0;12453.5400000;0
D&J-IND;D;20110421;0;12505.9900000;0
D&J-IND;D;20110425;0;12479.8800000;0
D&J-IND;D;20110426;0;12595.3700000;0
D&J-IND;D;20110427;0;12690.9600000;0
D&J-IND;D;20110428;0;12763.3100000;0
D&J-IND;D;20110429;0;12810.5400000;0
D&J-IND;D;20110502;0;12807.3600000;0
D&J-IND;D;20110503;0;12807.5100000;0
D&J-IND;D;20110504;0;12723.5800000;0
D&J-IND;D;20110505;0;12585.7600000;0
D&J-IND;D;20110506;0;12638.8100000;0
D&J-IND;D;20110509;0;12684.6800000;0
D&J-IND;D;20110510;0;12760.3600000;0
D&J-IND;D;20110511;0;12630.0300000;0
D&J-IND;D;20110512;0;12695.9200000;0
D&J-IND;D;20110513;0;12595.6700000;0
D&J-IND;D;20110516;0;12548.3700000;0
D&J-IND;D;20110517;0;12479.5800000;0
D&J-IND;D;20110518;0;12560.1800000;0
D&J-IND;D;20110519;0;12605.3200000;0
D&J-IND;D;20110520;0;12512.0400000;0
D&J-IND;D;20110523;0;12381.2600000;0
D&J-IND;D;20110524;0;12356.2100000;0
D&J-IND;D;20110525;0;12394.6600000;0
D&J-IND;D;20110526;0;12402.7600000;0
D&J-IND;D;20110527;0;12441.5800000;0
D&J-IND;D;20110531;0;12569.6400000;0
D&J-IND;D;20110601;0;12290.3700000;0
D&J-IND;D;20110602;0;12248.5500000;0
D&J-IND;D;20110603;0;12151.2600000;0
D&J-IND;D;20110606;0;12090.1100000;0
D&J-IND;D;20110607;0;12070.8100000;0
D&J-IND;D;20110608;0;12048.9400000;0
D&J-IND;D;20110609;0;12124.3600000;0
D&J-IND;D;20110610;0;11951.9100000;0
D&J-IND;D;20110613;0;11952.9700000;0
D&J-IND;D;20110614;0;12076.1100000;0
D&J-IND;D;20110615;0;11897.2700000;0
D&J-IND;D;20110616;0;11961.5200000;0
D&J-IND;D;20110617;0;12004.3600000;0
D&J-IND;D;20110620;0;12080.3800000;0
D&J-IND;D;20110621;0;12190.0100000;0
D&J-IND;D;20110622;0;12109.6700000;0
D&J-IND;D;20110623;0;12050.3000000;0
D&J-IND;D;20110624;0;11934.5800000;0
D&J-IND;D;20110627;0;12043.5600000;0
D&J-IND;D;20110628;0;12188.6900000;0
D&J-IND;D;20110629;0;12261.4200000;0
D&J-IND;D;20110630;0;12414.1900000;0
D&J-IND;D;20110701;0;12582.7700000;0
D&J-IND;D;20110705;0;12569.8700000;0
D&J-IND;D;20110706;0;12626.0200000;0
D&J-IND;D;20110707;0;12719.4900000;0
D&J-IND;D;20110708;0;12657.2000000;0
D&J-IND;D;20110711;0;12505.7600000;0
D&J-IND;D;20110712;0;12446.8800000;0
D&J-IND;D;20110713;0;12491.6100000;0
D&J-IND;D;20110714;0;12437.1200000;0
D&J-IND;D;20110715;0;12479.7300000;0
D&J-IND;D;20110718;0;12385.1600000;0
D&J-IND;D;20110719;0;12587.4200000;0
D&J-IND;D;20110720;0;12571.9100000;0
D&J-IND;D;20110721;0;12724.4100000;1943
D&J-IND;D;20110722;0;12681.1600000;0
D&J-IND;D;20110725;0;12592.8000000;0
D&J-IND;D;20110726;0;12501.3000000;0
D&J-IND;D;20110727;0;12302.5500000;0
D&J-IND;D;20110728;0;12240.1100000;0
D&J-IND;D;20110729;0;12143.2400000;0
D&J-IND;D;20110801;0;12132.4900000;0
D&J-IND;D;20110802;0;11866.6200000;0
D&J-IND;D;20110803;0;11896.4400000;0
D&J-IND;D;20110804;0;11383.6800000;4923
D&J-IND;D;20110805;0;11444.6100000;0
D&J-IND;D;20110808;0;10809.8500000;0
D&J-IND;D;20110809;0;11239.7700000;0
D&J-IND;D;20110810;0;10719.9400000;0
D&J-IND;D;20110811;0;11143.3100000;0
D&J-IND;D;20110812;0;11269.0200000;0
D&J-IND;D;20110815;0;11482.9000000;0
D&J-IND;D;20110816;0;11406.0100000;0
D&J-IND;D;20110817;0;11410.2100000;0
D&J-IND;D;20110818;0;10990.5800000;0
D&J-IND;D;20110819;0;10817.6500000;0
D&J-IND;D;20110822;0;10854.6500000;0
D&J-IND;D;20110823;0;11176.7600000;0
D&J-IND;D;20110824;0;11320.7100000;0
D&J-IND;D;20110825;0;11149.8200000;0
D&J-IND;D;20110826;0;11284.5400000;0
D&J-IND;D;20110829;0;11539.2500000;0
D&J-IND;D;20110830;0;11559.9500000;0
D&J-IND;D;20110831;0;11613.5300000;0
D&J-IND;D;20110901;0;11493.5700000;0
D&J-IND;D;20110902;0;11240.2600000;0
D&J-IND;D;20110905;0;11240.2600000;0
D&J-IND;D;20110906;0;11139.3000000;0
D&J-IND;D;20110907;0;11414.8600000;0
D&J-IND;D;20110908;0;11295.8100000;0
D&J-IND;D;20110909;0;10992.1300000;0
D&J-IND;D;20110910;0;10992.1300000;0
D&J-IND;D;20110911;0;10992.1300000;0
D&J-IND;D;20110912;0;11061.1200000;0
D&J-IND;D;20110913;0;11105.8500000;0
D&J-IND;D;20110914;0;11246.7300000;0
D&J-IND;D;20110915;0;11433.1800000;0
D&J-IND;D;20110916;0;11509.0900000;0
D&J-IND;D;20110917;0;11509.0900000;0
D&J-IND;D;20110918;0;11509.0900000;0
D&J-IND;D;20110919;0;11401.0100000;0
D&J-IND;D;20110920;0;11408.6600000;0
D&J-IND;D;20110921;0;11124.8400000;0
D&J-IND;D;20110922;0;10733.8300000;0
D&J-IND;D;20110923;0;10771.4800000;0
D&J-IND;D;20110924;0;10771.4800000;0
D&J-IND;D;20110925;0;10771.4800000;0
D&J-IND;D;20110926;0;11043.8600000;0
D&J-IND;D;20110927;0;11190.6900000;0
D&J-IND;D;20110928;0;11010.9000000;0
D&J-IND;D;20110929;0;11153.9800000;0
D&J-IND;D;20110930;0;10913.3800000;0
D&J-IND;D;20111001;0;10913.3800000;0
D&J-IND;D;20111002;0;10913.3800000;0
D&J-IND;D;20111003;0;10655.3000000;0
D&J-IND;D;20111004;0;10808.7100000;0
D&J-IND;D;20111005;0;10939.9500000;0
D&J-IND;D;20111006;0;11123.3300000;0
D&J-IND;D;20111007;0;11103.1200000;0
D&J-IND;D;20111008;0;11103.1200000;0
D&J-IND;D;20111009;0;11103.1200000;0
D&J-IND;D;20111010;0;11433.1800000;0
D&J-IND;D;20111011;0;11416.3000000;0
D&J-IND;D;20111012;0;11518.8500000;0
D&J-IND;D;20111013;0;11478.1300000;0
D&J-IND;D;20111014;0;11644.4900000;0
D&J-IND;D;20111015;0;11644.4900000;0
D&J-IND;D;20111016;0;11644.4900000;0
D&J-IND;D;20111017;0;11397.0000000;0
D&J-IND;D;20111018;0;11577.0500000;0
D&J-IND;D;20111019;0;11504.6200000;0
D&J-IND;D;20111020;0;11541.7800000;0
D&J-IND;D;20111021;0;11808.7900000;0
D&J-IND;D;20111022;0;11808.7900000;0
D&J-IND;D;20111023;0;11808.7900000;0
D&J-IND;D;20111024;0;11913.6200000;0
D&J-IND;D;20111025;0;11706.6200000;0
D&J-IND;D;20111026;0;11869.0400000;0
D&J-IND;D;20111027;0;12208.5500000;0
D&J-IND;D;20111028;0;12231.1100000;0
D&J-IND;D;20111029;0;12231.1100000;0
D&J-IND;D;20111030;0;12231.1100000;0
D&J-IND;D;20111031;0;11955.0100000;0
D&J-IND;D;20111101;0;11657.9600000;0
D&J-IND;D;20111102;0;11836.0400000;0
D&J-IND;D;20111103;0;12044.4700000;0
D&J-IND;D;20111104;0;11983.2400000;0
D&J-IND;D;20111105;0;11983.2400000;0
D&J-IND;D;20111106;0;11983.2400000;0
D&J-IND;D;20111107;0;12068.3900000;0
D&J-IND;D;20111108;0;12170.1800000;0
D&J-IND;D;20111109;0;11780.9400000;0
D&J-IND;D;20111110;0;11893.7900000;0
D&J-IND;D;20111111;0;12153.6800000;0
D&J-IND;D;20111112;0;12153.6800000;0
D&J-IND;D;20111113;0;12153.6800000;0
D&J-IND;D;20111114;0;12078.9800000;0
D&J-IND;D;20111115;0;12096.1600000;0
D&J-IND;D;20111116;0;11905.5900000;0
D&J-IND;D;20111117;0;11770.7300000;0
D&J-IND;D;20111118;0;11796.1600000;0
D&J-IND;D;20111119;0;11796.1600000;0
D&J-IND;D;20111120;0;11796.1600000;0
D&J-IND;D;20111121;0;11547.3100000;0
D&J-IND;D;20111122;0;11493.7200000;0
D&J-IND;D;20111123;0;11257.5500000;0
D&J-IND;D;20111124;0;11257.5500000;0
D&J-IND;D;20111125;0;11231.7800000;0
D&J-IND;D;20111126;0;11231.7800000;0
D&J-IND;D;20111127;0;11231.7800000;0
D&J-IND;D;20111128;0;11523.0100000;0
D&J-IND;D;20111129;0;11555.6300000;0
D&J-IND;D;20111130;0;12045.6800000;0
D&J-IND;D;20111201;0;12020.0300000;0
D&J-IND;D;20111202;0;12019.4200000;0
D&J-IND;D;20111203;0;12019.4200000;0
D&J-IND;D;20111204;0;12019.4200000;0
D&J-IND;D;20111205;0;12097.8300000;0
D&J-IND;D;20111206;0;12150.1300000;0
D&J-IND;D;20111207;0;12196.3700000;0
D&J-IND;D;20111208;0;11997.7000000;0
D&J-IND;D;20111209;0;12184.2600000;0
D&J-IND;D;20111210;0;12184.2600000;0
D&J-IND;D;20111211;0;12184.2600000;0
D&J-IND;D;20111212;0;12021.3900000;0
D&J-IND;D;20111213;0;11954.9400000;0
D&J-IND;D;20111214;0;11823.4800000;0
D&J-IND;D;20111215;0;11868.8100000;0
D&J-IND;D;20111216;0;11866.3900000;0
D&J-IND;D;20111217;0;11866.3900000;0
D&J-IND;D;20111218;0;11866.3900000;0
D&J-IND;D;20111219;0;11766.2600000;0
D&J-IND;D;20111220;0;12103.5800000;0
D&J-IND;D;20111221;0;12107.7400000;0
D&J-IND;D;20111222;0;12169.6500000;0
D&J-IND;D;20111223;0;12294.0000000;0
D&J-IND;D;20111224;0;12294.0000000;0
D&J-IND;D;20111225;0;12294.0000000;0
D&J-IND;D;20111226;0;12294.0000000;0
D&J-IND;D;20111227;0;12291.3500000;0
D&J-IND;D;20111228;0;12151.4100000;0
D&J-IND;D;20111229;0;12287.0400000;0
D&J-IND;D;20111230;0;12217.5600000;0
D&J-IND;D;20111231;0;12217.5600000;0
D&J-IND;D;20120101;0;12217.5600000;0
D&J-IND;D;20120102;0;12217.5600000;0
D&J-IND;D;20120103;0;12397.3800000;0
D&J-IND;D;20120104;0;12418.4200000;0
D&J-IND;D;20120105;0;12415.7000000;0
D&J-IND;D;20120106;0;12359.9200000;0
D&J-IND;D;20120107;0;12359.9200000;0
D&J-IND;D;20120108;0;12359.9200000;0
D&J-IND;D;20120109;0;12392.6900000;0
D&J-IND;D;20120110;0;12462.4700000;0
D&J-IND;D;20120111;0;12449.4500000;0
D&J-IND;D;20120112;0;12471.0200000;0
D&J-IND;D;20120113;0;12422.0600000;0
D&J-IND;D;20120114;0;12422.0600000;0
D&J-IND;D;20120115;0;12422.0600000;0
D&J-IND;D;20120116;0;12422.0600000;0
D&J-IND;D;20120117;0;12482.0700000;0
D&J-IND;D;20120118;0;12578.9500000;0
D&J-IND;D;20120119;0;12623.9800000;0
D&J-IND;D;20120120;0;12720.4800000;0
D&J-IND;D;20120121;0;12720.4800000;0
D&J-IND;D;20120122;0;12720.4800000;0
D&J-IND;D;20120123;0;12708.8200000;0
D&J-IND;D;20120124;0;12675.7500000;0
D&J-IND;D;20120125;0;12756.9600000;0
D&J-IND;D;20120126;0;12734.6300000;0
D&J-IND;D;20120127;0;12660.4600000;0
D&J-IND;D;20120128;0;12660.4600000;0
D&J-IND;D;20120129;0;12660.4600000;0
D&J-IND;D;20120130;0;12653.7200000;0
D&J-IND;D;20120131;0;12632.9100000;0
D&J-IND;D;20120201;0;12716.4600000;0
D&J-IND;D;20120202;0;12705.4100000;0
D&J-IND;D;20120203;0;12862.2300000;0
D&J-IND;D;20120204;0;12862.2300000;0
D&J-IND;D;20120205;0;12862.2300000;0
D&J-IND;D;20120206;0;12845.1300000;0
D&J-IND;D;20120207;0;12878.2000000;0
D&J-IND;D;20120208;0;12883.9500000;0
D&J-IND;D;20120209;0;12890.4600000;0
D&J-IND;D;20120210;0;12799.9400000;1074
D&J-IND;D;20120211;0;12801.2300000;0
D&J-IND;D;20120212;0;12801.2300000;0
D&J-IND;D;20120213;0;12874.0400000;0
D&J-IND;D;20120214;0;12878.2800000;0
D&J-IND;D;20120215;0;12780.9500000;0
D&J-IND;D;20120216;0;12904.0800000;0
D&J-IND;D;20120217;0;12949.8700000;0
D&J-IND;D;20120218;0;12949.8700000;0
D&J-IND;D;20120219;0;12949.8700000;0
D&J-IND;D;20120220;0;12949.8700000;0
D&J-IND;D;20120221;0;12965.6900000;0
D&J-IND;D;20120222;0;12938.6700000;0
D&J-IND;D;20120223;0;12984.6900000;0
D&J-IND;D;20120224;0;12982.9500000;0
D&J-IND;D;20120225;0;12982.9500000;0
D&J-IND;D;20120226;0;12982.9500000;0
D&J-IND;D;20120227;0;12981.5100000;0
D&J-IND;D;20120228;0;13005.1200000;0
D&J-IND;D;20120229;0;12952.0700000;0
D&J-IND;D;20120301;0;12980.3000000;0
D&J-IND;D;20120302;0;12977.5700000;0
D&J-IND;D;20120303;0;12977.5700000;0
D&J-IND;D;20120304;0;12977.5700000;0
D&J-IND;D;20120305;0;12962.8100000;0
D&J-IND;D;20120306;0;12759.1500000;0
D&J-IND;D;20120307;0;12837.3300000;0
D&J-IND;D;20120308;0;12907.9400000;0
D&J-IND;D;20120309;0;12922.0200000;0
D&J-IND;D;20120310;0;12922.0200000;0
D&J-IND;D;20120311;0;12922.0200000;0
D&J-IND;D;20120312;0;12959.7100000;0
D&J-IND;D;20120313;0;13177.6800000;0
D&J-IND;D;20120314;0;13194.1000000;0
D&J-IND;D;20120315;0;13252.7600000;0
D&J-IND;D;20120316;0;13232.6200000;0
D&J-IND;D;20120317;0;13232.6200000;0
D&J-IND;D;20120318;0;13232.6200000;0
D&J-IND;D;20120319;0;13239.1300000;0
D&J-IND;D;20120320;0;13170.1900000;0
D&J-IND;D;20120321;0;13124.6200000;0
D&J-IND;D;20120322;0;13046.1400000;0
D&J-IND;D;20120323;0;13080.7300000;0
D&J-IND;D;20120324;0;13080.7300000;0
D&J-IND;D;20120325;0;13080.7300000;0
D&J-IND;D;20120326;0;13241.6300000;0
D&J-IND;D;20120327;0;13197.7300000;0
D&J-IND;D;20120328;0;13126.2100000;0
D&J-IND;D;20120329;0;13145.8200000;0
D&J-IND;D;20120330;0;13212.0400000;0
D&J-IND;D;20120331;0;13212.0400000;0
D&J-IND;D;20120401;0;13212.0400000;0
D&J-IND;D;20120402;0;13264.4900000;0
D&J-IND;D;20120403;0;13199.5500000;0
D&J-IND;D;20120404;0;13074.7500000;0
D&J-IND;D;20120405;0;13060.1400000;0
D&J-IND;D;20120406;0;13060.1400000;0
D&J-IND;D;20120407;0;13060.1400000;0
D&J-IND;D;20120408;0;13060.1400000;0
D&J-IND;D;20120409;0;12929.5900000;0
D&J-IND;D;20120410;0;12715.9300000;0
D&J-IND;D;20120411;0;12805.3900000;0
D&J-IND;D;20120412;0;12986.5800000;0
D&J-IND;D;20120413;0;12849.5900000;0
D&J-IND;D;20120414;0;12849.5900000;0
D&J-IND;D;20120415;0;12849.5900000;0
D&J-IND;D;20120416;0;12921.4100000;0
D&J-IND;D;20120417;0;13115.5400000;0
D&J-IND;D;20120418;0;13032.7500000;0
D&J-IND;D;20120419;0;12964.1000000;0
D&J-IND;D;20120420;0;13029.2600000;0
D&J-IND;D;20120421;0;13029.2600000;0
D&J-IND;D;20120422;0;13029.2600000;0
D&J-IND;D;20120423;0;12927.1700000;0
D&J-IND;D;20120424;0;13001.5600000;0
D&J-IND;D;20120425;0;13090.7200000;0
D&J-IND;D;20120426;0;13204.6200000;0
D&J-IND;D;20120427;0;13228.3100000;0
D&J-IND;D;20120428;0;13228.3100000;0
D&J-IND;D;20120429;0;13228.3100000;0
D&J-IND;D;20120430;0;13213.6300000;0
D&J-IND;D;20120501;0;13279.3200000;0
D&J-IND;D;20120502;0;13268.5700000;0
D&J-IND;D;20120503;0;13206.5900000;0
D&J-IND;D;20120504;0;13038.2700000;0
D&J-IND;D;20120505;0;13038.2700000;0
D&J-IND;D;20120506;0;13038.2700000;0
D&J-IND;D;20120507;0;13008.5300000;0
D&J-IND;D;20120508;0;12932.0900000;0
D&J-IND;D;20120509;0;12835.0600000;0
D&J-IND;D;20120510;0;12855.0400000;0
D&J-IND;D;20120511;0;12820.6000000;0
D&J-IND;D;20120512;0;12820.6000000;0
D&J-IND;D;20120513;0;12820.6000000;0
D&J-IND;D;20120514;0;12695.3500000;0
D&J-IND;D;20120515;0;12632.0000000;0
D&J-IND;D;20120516;0;12598.5500000;0
D&J-IND;D;20120517;0;12442.4900000;0
D&J-IND;D;20120518;0;12369.3800000;0
D&J-IND;D;20120519;0;12369.3800000;0
D&J-IND;D;20120520;0;12369.3800000;0
D&J-IND;D;20120521;0;12504.4800000;0
D&J-IND;D;20120522;0;12502.8100000;0
D&J-IND;D;20120523;0;12496.1500000;0
D&J-IND;D;20120524;0;12529.7500000;0
D&J-IND;D;20120525;0;12454.8300000;0
D&J-IND;D;20120526;0;12454.8300000;0
D&J-IND;D;20120527;0;12454.8300000;0
D&J-IND;D;20120528;0;12454.8300000;0
D&J-IND;D;20120529;0;12580.6900000;0
D&J-IND;D;20120530;0;12419.8600000;0
D&J-IND;D;20120531;0;12393.4500000;0
D&J-IND;D;20120601;0;12118.5700000;0
D&J-IND;D;20120602;0;12118.5700000;0
D&J-IND;D;20120603;0;12118.5700000;0
D&J-IND;D;20120604;0;12101.4600000;0
D&J-IND;D;20120605;0;12127.9500000;0
D&J-IND;D;20120606;0;12414.7900000;0
D&J-IND;D;20120607;0;12460.9600000;0
D&J-IND;D;20120608;0;12554.2000000;0
D&J-IND;D;20120609;0;12554.2000000;0
D&J-IND;D;20120610;0;12554.2000000;0
D&J-IND;D;20120611;0;12411.2300000;0
D&J-IND;D;20120612;0;12573.8000000;0
D&J-IND;D;20120613;0;12496.3800000;0
D&J-IND;D;20120614;0;12651.9100000;0
D&J-IND;D;20120615;0;12767.1700000;0
D&J-IND;D;20120616;0;12767.1700000;0
D&J-IND;D;20120617;0;12767.1700000;0
D&J-IND;D;20120618;0;12741.8200000;0
D&J-IND;D;20120619;0;12837.3300000;0
D&J-IND;D;20120620;0;12824.3900000;0
D&J-IND;D;20120621;0;12573.5700000;0
D&J-IND;D;20120622;0;12640.7800000;0
D&J-IND;D;20120623;0;12640.7800000;0
D&J-IND;D;20120624;0;12640.7800000;0
D&J-IND;D;20120625;0;12502.6600000;0
D&J-IND;D;20120626;0;12534.6700000;0
D&J-IND;D;20120627;0;12627.0100000;0
D&J-IND;D;20120628;0;12602.2600000;0
D&J-IND;D;20120629;0;12880.0900000;0
D&J-IND;D;20120630;0;12880.0900000;0
D&J-IND;D;20120701;0;12880.0900000;0
D&J-IND;D;20120702;0;12871.3900000;0
D&J-IND;D;20120703;0;12943.8200000;0
D&J-IND;D;20120704;0;12943.8200000;0
D&J-IND;D;20120705;0;12896.6700000;0
D&J-IND;D;20120706;0;12772.4700000;0
D&J-IND;D;20120707;0;12772.4700000;0
D&J-IND;D;20120708;0;12772.4700000;0
D&J-IND;D;20120709;0;12736.2900000;0
D&J-IND;D;20120710;0;12653.1200000;0
D&J-IND;D;20120711;0;12604.5300000;0
D&J-IND;D;20120712;0;12573.2700000;0
D&J-IND;D;20120713;0;12777.0900000;0
D&J-IND;D;20120714;0;12777.0900000;0
D&J-IND;D;20120715;0;12777.0900000;0
D&J-IND;D;20120716;0;12727.2100000;0
D&J-IND;D;20120717;0;12805.5400000;0
D&J-IND;D;20120718;0;12908.7000000;0
D&J-IND;D;20120719;0;12943.3600000;0
D&J-IND;D;20120720;0;12822.5700000;0
D&J-IND;D;20120721;0;12822.5700000;0
D&J-IND;D;20120722;0;12822.5700000;0
D&J-IND;D;20120723;0;12721.4600000;0
D&J-IND;D;20120724;0;12617.3200000;0
D&J-IND;D;20120725;0;12676.0500000;0
D&J-IND;D;20120726;0;12887.9300000;0
D&J-IND;D;20120727;0;13075.6600000;0
D&J-IND;D;20120728;0;13075.6600000;0
D&J-IND;D;20120729;0;13075.6600000;0
D&J-IND;D;20120730;0;13073.0100000;0
D&J-IND;D;20120731;0;13008.6800000;0
D&J-IND;D;20120801;0;12971.0600000;0
D&J-IND;D;20120802;0;12878.8800000;114
D&J-IND;D;20120803;0;13096.1700000;0
D&J-IND;D;20120804;0;13096.1700000;0
D&J-IND;D;20120805;0;13096.1700000;0
D&J-IND;D;20120806;0;13117.5100000;0
D&J-IND;D;20120807;0;13168.6000000;0
D&J-IND;D;20120808;0;13175.6400000;0
D&J-IND;D;20120809;0;13165.1900000;0
D&J-IND;D;20120810;0;13207.9500000;0
D&J-IND;D;20120811;0;13207.9500000;0
D&J-IND;D;20120812;0;13207.9500000;0
D&J-IND;D;20120813;0;13169.4300000;0
D&J-IND;D;20120814;0;13172.1400000;0
D&J-IND;D;20120815;0;13164.7800000;0
D&J-IND;D;20120816;0;13250.1100000;0
D&J-IND;D;20120817;0;13275.2000000;0
D&J-IND;D;20120818;0;13275.2000000;0
D&J-IND;D;20120819;0;13275.2000000;0
D&J-IND;D;20120820;0;13271.6400000;0
D&J-IND;D;20120821;0;13203.5800000;0
D&J-IND;D;20120822;0;13172.7600000;0
D&J-IND;D;20120823;0;13057.4600000;0
D&J-IND;D;20120824;0;13157.9700000;0
D&J-IND;D;20120825;0;13157.9700000;0
D&J-IND;D;20120826;0;13157.9700000;0
D&J-IND;D;20120827;0;13124.6700000;0
D&J-IND;D;20120828;0;13102.9900000;0
D&J-IND;D;20120829;0;13107.4800000;0
D&J-IND;D;20120830;0;13000.7100000;0
D&J-IND;D;20120831;0;13090.8400000;0
D&J-IND;D;20120901;0;13090.8400000;0
D&J-IND;D;20120902;0;13090.8400000;0
D&J-IND;D;20120903;0;13090.8400000;0
D&J-IND;D;20120904;0;13035.9400000;0
D&J-IND;D;20120905;0;13047.4800000;0
D&J-IND;D;20120906;0;13292.0000000;0
D&J-IND;D;20120907;0;13306.6400000;0
D&J-IND;D;20120908;0;13306.6400000;0
D&J-IND;D;20120909;0;13306.6400000;0
D&J-IND;D;20120910;0;13254.2900000;0
D&J-IND;D;20120911;0;13323.3600000;0
D&J-IND;D;20120912;0;13333.3500000;0
D&J-IND;D;20120913;0;13539.8600000;0
D&J-IND;D;20120914;0;13593.3700000;0
D&J-IND;D;20120915;0;13593.3700000;0
D&J-IND;D;20120916;0;13593.3700000;0
D&J-IND;D;20120917;0;13553.1000000;0
D&J-IND;D;20120918;0;13564.6400000;0
D&J-IND;D;20120919;0;13577.9600000;0
D&J-IND;D;20120920;0;13596.9300000;0
D&J-IND;D;20120921;0;13579.4700000;0
D&J-IND;D;20120922;0;13579.4700000;0
D&J-IND;D;20120923;0;13579.4700000;0
D&J-IND;D;20120924;0;13558.9200000;0
D&J-IND;D;20120925;0;13457.5500000;0
D&J-IND;D;20120926;0;13413.5100000;0
D&J-IND;D;20120927;0;13485.9700000;0
D&J-IND;D;20120928;0;13437.1300000;0
D&J-IND;D;20120929;0;13437.1300000;0
D&J-IND;D;20121001;0;13515.1100000;0
D&J-IND;D;20121002;0;13482.3600000;0
D&J-IND;D;20121003;0;13494.6100000;0
D&J-IND;D;20121004;0;13575.3600000;0
D&J-IND;D;20121005;0;13610.1500000;0
D&J-IND;D;20121006;0;13610.1500000;0
D&J-IND;D;20121007;0;13610.1500000;0
D&J-IND;D;20121008;0;13583.6500000;0
D&J-IND;D;20121009;0;13473.5300000;0
D&J-IND;D;20121010;0;13344.9700000;0
D&J-IND;D;20121011;0;13326.3900000;0
D&J-IND;D;20121012;0;13328.8500000;0
D&J-IND;D;20121013;0;13328.8500000;0
D&J-IND;D;20121014;0;13328.8500000;0
D&J-IND;D;20121015;0;13424.2300000;0
D&J-IND;D;20121016;0;13551.7800000;0
D&J-IND;D;20121017;0;13557.0000000;0
D&J-IND;D;20121018;0;13548.9400000;0
D&J-IND;D;20121019;0;13343.5100000;0
D&J-IND;D;20121020;0;13343.5100000;0
D&J-IND;D;20121021;0;13343.5100000;0
D&J-IND;D;20121022;0;13345.8900000;0
D&J-IND;D;20121023;0;13102.5300000;0
D&J-IND;D;20121024;0;13077.3400000;0
D&J-IND;D;20121025;0;13103.6800000;0
D&J-IND;D;20121026;0;13107.2100000;0
D&J-IND;D;20121027;0;13107.2100000;0
D&J-IND;D;20121028;0;13107.2100000;0
D&J-IND;D;20121029;0;13107.2100000;0
D&J-IND;D;20121030;0;13107.2100000;0
D&J-IND;D;20121031;0;13096.4600000;0
D&J-IND;D;20121101;0;13232.6200000;0
D&J-IND;D;20121102;0;13093.1600000;0
D&J-IND;D;20121103;0;13093.1600000;0
D&J-IND;D;20121104;0;13093.1600000;0
D&J-IND;D;20121105;0;13112.4400000;0
D&J-IND;D;20121106;0;13245.6800000;0
D&J-IND;D;20121107;0;12932.7300000;0
D&J-IND;D;20121108;0;12811.3200000;0
D&J-IND;D;20121109;0;12815.3900000;0
D&J-IND;D;20121110;0;12815.3900000;0
D&J-IND;D;20121111;0;12815.3900000;0
D&J-IND;D;20121112;0;12815.0800000;0
D&J-IND;D;20121113;0;12756.1800000;0
D&J-IND;D;20121114;0;12570.9500000;0
D&J-IND;D;20121115;0;12542.3800000;0
D&J-IND;D;20121116;0;12588.3100000;0
D&J-IND;D;20121117;0;12588.3100000;0
D&J-IND;D;20121118;0;12588.3100000;0
D&J-IND;D;20121119;0;12795.9600000;0
D&J-IND;D;20121120;0;12788.5100000;0
D&J-IND;D;20121121;0;12836.8900000;0
D&J-IND;D;20121122;0;12836.8900000;0
D&J-IND;D;20121123;0;13009.6800000;0
D&J-IND;D;20121124;0;13009.6800000;0
D&J-IND;D;20121125;0;13009.6800000;0
D&J-IND;D;20121126;0;12967.3700000;0
D&J-IND;D;20121127;0;12878.1300000;0
D&J-IND;D;20121128;0;12985.1100000;0
D&J-IND;D;20121129;0;13021.8200000;0
D&J-IND;D;20121130;0;13025.5800000;0
D&J-IND;D;20121201;0;13025.5800000;0
D&J-IND;D;20121202;0;13025.5800000;0
D&J-IND;D;20121203;0;12965.6000000;0
D&J-IND;D;20121204;0;12951.7800000;0
D&J-IND;D;20121205;0;13034.4900000;0
D&J-IND;D;20121206;0;13074.0400000;0
D&J-IND;D;20121207;0;13155.1300000;0
D&J-IND;D;20121208;0;13155.1300000;0
D&J-IND;D;20121209;0;13155.1300000;0
D&J-IND;D;20121210;0;13169.8800000;0
D&J-IND;D;20121211;0;13248.4400000;0
D&J-IND;D;20121212;0;13245.4500000;0
D&J-IND;D;20121213;0;13170.7200000;0
D&J-IND;D;20121214;0;13135.0100000;0
D&J-IND;D;20121215;0;13135.0100000;0
D&J-IND;D;20121216;0;13135.0100000;0
D&J-IND;D;20121217;0;13235.3900000;0
D&J-IND;D;20121218;0;13350.9600000;0
D&J-IND;D;20121219;0;13251.9700000;0
D&J-IND;D;20121220;0;13311.7200000;0
D&J-IND;D;20121221;0;13190.8400000;0
D&J-IND;D;20121222;0;13190.8400000;0
D&J-IND;D;20121223;0;13190.8400000;0
D&J-IND;D;20121224;0;13139.0800000;0
D&J-IND;D;20121225;0;13139.0800000;0
D&J-IND;D;20121226;0;13114.5900000;0
D&J-IND;D;20121227;0;13096.3100000;0
D&J-IND;D;20121228;0;12938.1100000;0
D&J-IND;D;20121229;0;12938.1100000;0
D&J-IND;D;20121230;0;12938.1100000;0
D&J-IND;D;20121231;0;13104.1400000;0
D&J-IND;D;20130101;0;13104.1400000;0
D&J-IND;D;20130102;0;13412.5500000;0
D&J-IND;D;20130103;0;13391.3600000;0
D&J-IND;D;20130104;0;13435.2100000;0
D&J-IND;D;20130105;0;13435.2100000;0
D&J-IND;D;20130106;0;13435.2100000;0
D&J-IND;D;20130107;0;13384.2900000;0
D&J-IND;D;20130108;0;13328.8500000;0
D&J-IND;D;20130109;0;13390.5100000;0
D&J-IND;D;20130110;0;13471.2200000;0
D&J-IND;D;20130111;0;13488.4300000;0
D&J-IND;D;20130112;0;13488.4300000;0
D&J-IND;D;20130113;0;13488.4300000;0
D&J-IND;D;20130114;0;13507.3200000;0
D&J-IND;D;20130115;0;13534.8900000;0
D&J-IND;D;20130116;0;13511.2300000;0
D&J-IND;D;20130117;0;13596.0200000;0
D&J-IND;D;20130118;0;13649.7000000;0
D&J-IND;D;20130119;0;13649.7000000;0
D&J-IND;D;20130120;0;13649.7000000;0
D&J-IND;D;20130121;0;13649.7000000;0
D&J-IND;D;20130122;0;13712.2100000;0
D&J-IND;D;20130123;0;13779.3300000;0
D&J-IND;D;20130124;0;13825.3300000;0
D&J-IND;D;20130125;0;13895.9800000;0
D&J-IND;D;20130126;0;13895.9800000;0
D&J-IND;D;20130127;0;13895.9800000;0
D&J-IND;D;20130128;0;13881.9300000;0
D&J-IND;D;20130129;0;13954.4200000;0
D&J-IND;D;20130130;0;13910.4200000;0
D&J-IND;D;20130131;0;13860.5800000;0
D&J-IND;D;20130201;0;14009.7900000;0
D&J-IND;D;20130202;0;14009.7900000;0
D&J-IND;D;20130203;0;14009.7900000;0
D&J-IND;D;20130204;0;13880.0800000;0
D&J-IND;D;20130205;0;13979.3000000;0
D&J-IND;D;20130206;0;13986.5200000;0
D&J-IND;D;20130207;0;13944.0500000;0
D&J-IND;D;20130208;0;13992.9700000;0
D&J-IND;D;20130209;0;13992.9700000;0
D&J-IND;D;20130210;0;13992.9700000;0
D&J-IND;D;20130211;0;13971.2400000;0
D&J-IND;D;20130212;0;14018.7000000;0
D&J-IND;D;20130213;0;13982.9100000;0
D&J-IND;D;20130214;0;13973.3900000;0
D&J-IND;D;20130215;0;13981.7600000;0
D&J-IND;D;20130216;0;13981.7600000;0
D&J-IND;D;20130217;0;13981.7600000;0
D&J-IND;D;20130218;0;13981.7600000;0
D&J-IND;D;20130219;0;14035.6700000;0
D&J-IND;D;20130220;0;13927.5400000;0
D&J-IND;D;20130221;0;13880.6200000;0
D&J-IND;D;20130222;0;14000.5700000;0
D&J-IND;D;20130223;0;14000.5700000;0
D&J-IND;D;20130224;0;14000.5700000;0
D&J-IND;D;20130225;0;13784.1700000;0
D&J-IND;D;20130226;0;13900.1300000;0
D&J-IND;D;20130227;0;14075.3700000;0
D&J-IND;D;20130228;0;14054.4900000;0
D&J-IND;D;20130301;0;14089.6600000;0
D&J-IND;D;20130302;0;14089.6600000;0
D&J-IND;D;20130303;0;14089.6600000;0
D&J-IND;D;20130304;0;14127.8200000;0
D&J-IND;D;20130305;0;14253.7700000;0
D&J-IND;D;20130306;0;14296.2400000;0
D&J-IND;D;20130307;0;14329.4900000;0
D&J-IND;D;20130308;0;14397.0700000;0
D&J-IND;D;20130309;0;14397.0700000;0
D&J-IND;D;20130310;0;14397.0700000;0
D&J-IND;D;20130311;0;14447.2900000;0
D&J-IND;D;20130312;0;14450.0600000;0
D&J-IND;D;20130313;0;14455.2800000;0
D&J-IND;D;20130314;0;14539.1400000;0
D&J-IND;D;20130315;0;14514.1100000;0
D&J-IND;D;20130316;0;14514.1100000;0
D&J-IND;D;20130317;0;14514.1100000;0
D&J-IND;D;20130318;0;14452.0600000;0
D&J-IND;D;20130319;0;14455.8200000;0
D&J-IND;D;20130320;0;14511.7300000;0
D&J-IND;D;20130321;0;14421.4900000;0
D&J-IND;D;20130322;0;14512.0300000;0
D&J-IND;D;20130323;0;14512.0300000;0
D&J-IND;D;20130324;0;14512.0300000;0
D&J-IND;D;20130325;0;14447.7500000;0
D&J-IND;D;20130326;0;14559.6500000;0
D&J-IND;D;20130327;0;14526.1600000;0
D&J-IND;D;20130328;0;14578.5400000;0
D&J-IND;D;20130329;0;14578.5400000;0
D&J-IND;D;20130330;0;14578.5400000;0
D&J-IND;D;20130331;0;14578.5400000;0
D&J-IND;D;20130401;0;14572.8500000;0
D&J-IND;D;20130402;0;14662.0100000;0
D&J-IND;D;20130403;0;14550.3500000;0
D&J-IND;D;20130404;0;14606.1100000;0
D&J-IND;D;20130405;0;14565.2500000;0
D&J-IND;D;20130406;0;14565.2500000;0
D&J-IND;D;20130407;0;14565.2500000;0
D&J-IND;D;20130408;0;14613.4800000;0
D&J-IND;D;20130409;0;14673.4600000;0
D&J-IND;D;20130410;0;14802.2400000;0
D&J-IND;D;20130411;0;14865.1400000;0
D&J-IND;D;20130412;0;14865.0600000;0
D&J-IND;D;20130413;0;14865.0600000;0
D&J-IND;D;20130414;0;14865.0600000;0
D&J-IND;D;20130415;0;14599.2000000;0
D&J-IND;D;20130416;0;14756.7800000;0
D&J-IND;D;20130417;0;14618.5900000;0
D&J-IND;D;20130418;0;14537.1400000;0
D&J-IND;D;20130419;0;14547.5100000;0
D&J-IND;D;20130420;0;14547.5100000;0
D&J-IND;D;20130421;0;14547.5100000;0
D&J-IND;D;20130422;0;14567.1700000;0
D&J-IND;D;20130423;0;14719.4600000;0
D&J-IND;D;20130424;0;14676.3000000;0
D&J-IND;D;20130425;0;14700.8000000;0
D&J-IND;D;20130426;0;14712.5500000;0
D&J-IND;D;20130427;0;14712.5500000;0
D&J-IND;D;20130428;0;14712.5500000;0
D&J-IND;D;20130429;0;14818.7500000;0
D&J-IND;D;20130430;0;14839.8000000;0
D&J-IND;D;20130501;0;14700.9500000;0
D&J-IND;D;20130502;0;14831.5800000;0
D&J-IND;D;20130503;0;14973.9600000;0
D&J-IND;D;20130504;0;14973.9600000;0
D&J-IND;D;20130505;0;14973.9600000;0
D&J-IND;D;20130506;0;14968.8900000;0
D&J-IND;D;20130507;0;15056.2000000;0
D&J-IND;D;20130508;0;15105.1200000;0
D&J-IND;D;20130509;0;15082.6200000;0
D&J-IND;D;20130510;0;15118.4900000;0
D&J-IND;D;20130511;0;15118.4900000;0
D&J-IND;D;20130512;0;15118.4900000;0
D&J-IND;D;20130513;0;15091.6800000;0
D&J-IND;D;20130514;0;15215.2500000;0
D&J-IND;D;20130515;0;15275.6900000;0
D&J-IND;D;20130516;0;15233.2200000;0
D&J-IND;D;20130517;0;15354.4000000;0
D&J-IND;D;20130518;0;15354.4000000;0
D&J-IND;D;20130519;0;15354.4000000;0
D&J-IND;D;20130520;0;15335.2800000;0
D&J-IND;D;20130521;0;15387.5800000;0
D&J-IND;D;20130522;0;15307.1700000;0
D&J-IND;D;20130523;0;15294.5000000;0
D&J-IND;D;20130524;0;15303.1000000;0
D&J-IND;D;20130525;0;15303.1000000;0
D&J-IND;D;20130526;0;15303.1000000;0
D&J-IND;D;20130527;0;15303.1000000;0
D&J-IND;D;20130528;0;15409.3900000;0
D&J-IND;D;20130529;0;15302.8000000;0
D&J-IND;D;20130530;0;15324.5300000;0
D&J-IND;D;20130531;0;15115.5700000;0
D&J-IND;D;20130601;0;15115.5700000;0
D&J-IND;D;20130602;0;15115.5700000;0
D&J-IND;D;20130603;0;15254.0300000;0
D&J-IND;D;20130604;0;15177.5400000;0
D&J-IND;D;20130605;0;14960.5900000;0
D&J-IND;D;20130606;0;15040.6200000;0
D&J-IND;D;20130607;0;15248.1200000;0
D&J-IND;D;20130608;0;15248.1200000;0
D&J-IND;D;20130609;0;15248.1200000;0
D&J-IND;D;20130610;0;15238.5900000;0
D&J-IND;D;20130611;0;15122.0200000;0
D&J-IND;D;20130612;0;14995.2300000;0
D&J-IND;D;20130613;0;15176.0800000;0
D&J-IND;D;20130614;0;15070.1800000;0
D&J-IND;D;20130615;0;15070.1800000;0
D&J-IND;D;20130616;0;15070.1800000;0
D&J-IND;D;20130617;0;15179.8500000;0
D&J-IND;D;20130618;0;15318.2300000;0
D&J-IND;D;20130619;0;15112.1900000;0
D&J-IND;D;20130620;0;14758.3200000;0
D&J-IND;D;20130621;0;14799.4000000;0
D&J-IND;D;20130622;0;14799.4000000;0
D&J-IND;D;20130623;0;14799.4000000;0
D&J-IND;D;20130624;0;14659.5600000;0
D&J-IND;D;20130625;0;14760.3100000;0
D&J-IND;D;20130626;0;14910.1400000;0
D&J-IND;D;20130627;0;15024.4900000;0
D&J-IND;D;20130628;0;14909.6000000;0
D&J-IND;D;20130629;0;14909.6000000;0
D&J-IND;D;20130630;0;14909.6000000;0
D&J-IND;D;20130701;0;14974.9600000;0
D&J-IND;D;20130702;0;14932.4100000;0
D&J-IND;D;20130703;0;14988.5500000;0
D&J-IND;D;20130704;0;14988.5500000;0
D&J-IND;D;20130705;0;15135.8400000;0
D&J-IND;D;20130706;0;15135.8400000;0
D&J-IND;D;20130707;0;15135.8400000;0
D&J-IND;D;20130708;0;15224.6900000;0
D&J-IND;D;20130709;0;15300.3400000;0
D&J-IND;D;20130710;0;15291.6600000;0
D&J-IND;D;20130711;0;15460.9200000;0
D&J-IND;D;20130712;0;15464.3000000;0
D&J-IND;D;20130713;0;15464.3000000;0
D&J-IND;D;20130714;0;15464.3000000;0
D&J-IND;D;20130715;0;15484.2600000;0
D&J-IND;D;20130716;0;15451.8500000;0
D&J-IND;D;20130717;0;15470.5200000;0
D&J-IND;D;20130718;0;15548.5400000;0
D&J-IND;D;20130719;0;15543.7400000;0
D&J-IND;D;20130720;0;15543.7400000;0
D&J-IND;D;20130721;0;15543.7400000;0
D&J-IND;D;20130722;0;15545.5500000;0
D&J-IND;D;20130723;0;15567.7400000;0
D&J-IND;D;20130724;0;15542.2400000;0
D&J-IND;D;20130725;0;15555.6100000;0
D&J-IND;D;20130726;0;15558.8300000;0
D&J-IND;D;20130727;0;15558.8300000;0
D&J-IND;D;20130728;0;15558.8300000;0
D&J-IND;D;20130729;0;15521.9700000;0
D&J-IND;D;20130730;0;15520.5900000;0
D&J-IND;D;20130731;0;15499.5400000;0
D&J-IND;D;20130801;0;15628.0200000;0
D&J-IND;D;20130802;0;15658.3600000;0
D&J-IND;D;20130803;0;15658.3600000;0
D&J-IND;D;20130804;0;15658.3600000;0
D&J-IND;D;20130805;0;15612.1300000;0
D&J-IND;D;20130806;0;15518.7400000;0
D&J-IND;D;20130807;0;15470.6700000;0
D&J-IND;D;20130808;0;15498.3200000;0
D&J-IND;D;20130809;0;15425.5100000;0
D&J-IND;D;20130810;0;15425.5100000;0
D&J-IND;D;20130811;0;15425.5100000;0
D&J-IND;D;20130812;0;15419.6800000;0
D&J-IND;D;20130813;0;15451.0100000;0
D&J-IND;D;20130814;0;15337.6600000;0
D&J-IND;D;20130815;0;15112.1900000;0
D&J-IND;D;20130816;0;15081.4700000;0
D&J-IND;D;20130817;0;15081.4700000;0
D&J-IND;D;20130818;0;15081.4700000;0
D&J-IND;D;20130819;0;15010.7400000;0
D&J-IND;D;20130820;0;15002.9900000;0
D&J-IND;D;20130821;0;14897.5500000;0
D&J-IND;D;20130822;0;14963.7400000;0
D&J-IND;D;20130823;0;15010.5100000;0
D&J-IND;D;20130824;0;15010.5100000;0
D&J-IND;D;20130825;0;15010.5100000;0
D&J-IND;D;20130826;0;14946.4600000;0
D&J-IND;D;20130827;0;14776.1300000;0
D&J-IND;D;20130828;0;14824.5100000;0
D&J-IND;D;20130829;0;14840.9500000;0
D&J-IND;D;20130830;0;14810.3100000;0
D&J-IND;D;20130831;0;14810.3100000;0
D&J-IND;D;20130901;0;14810.3100000;0
D&J-IND;D;20130902;0;14810.3100000;0
D&J-IND;D;20130903;0;14833.9600000;0
D&J-IND;D;20130904;0;14930.8700000;0
D&J-IND;D;20130905;0;14937.4800000;0
D&J-IND;D;20130906;0;14922.5000000;0
D&J-IND;D;20130907;0;14922.5000000;0
D&J-IND;D;20130908;0;14922.5000000;0
D&J-IND;D;20130909;0;15063.1200000;0
D&J-IND;D;20130910;0;15191.0600000;0
D&J-IND;D;20130911;0;15326.6000000;0
D&J-IND;D;20130912;0;15300.6400000;0
D&J-IND;D;20130913;0;15376.0600000;0
D&J-IND;D;20130914;0;15376.0600000;0
D&J-IND;D;20130915;0;15376.0600000;0
D&J-IND;D;20130916;0;15494.7800000;0
D&J-IND;D;20130917;0;15529.7300000;0
D&J-IND;D;20130918;0;15676.9400000;0
D&J-IND;D;20130919;0;15636.5500000;0
D&J-IND;D;20130920;0;15451.0900000;0
D&J-IND;D;20130921;0;15451.0900000;0
D&J-IND;D;20130922;0;15451.0900000;0
D&J-IND;D;20130923;0;15401.3800000;0
D&J-IND;D;20130924;0;15334.5900000;0
D&J-IND;D;20130925;0;15273.2600000;0
D&J-IND;D;20130926;0;15328.3000000;0
D&J-IND;D;20130927;0;15258.2400000;0
D&J-IND;D;20130928;0;15258.2400000;0
D&J-IND;D;20130929;0;15258.2400000;0
D&J-IND;D;20130930;0;15129.6700000;0
D&J-IND;D;20131001;0;15191.7000000;0
D&J-IND;D;20131002;0;15133.1400000;0
D&J-IND;D;20131003;0;14996.4800000;0
D&J-IND;D;20131004;0;15072.5800000;0
D&J-IND;D;20131005;0;15072.5800000;0
D&J-IND;D;20131006;0;15072.5800000;0
D&J-IND;D;20131007;0;14936.2400000;0
D&J-IND;D;20131008;0;14776.5300000;0
D&J-IND;D;20131009;0;14802.9800000;0
D&J-IND;D;20131010;0;15126.0700000;0
D&J-IND;D;20131011;0;15237.1100000;0
D&J-IND;D;20131012;0;15237.1100000;0
D&J-IND;D;20131013;0;15237.1100000;0
D&J-IND;D;20131014;0;15301.2600000;0
D&J-IND;D;20131015;0;15168.0100000;0
D&J-IND;D;20131016;0;15373.8300000;0
D&J-IND;D;20131017;0;15371.6500000;0
D&J-IND;D;20131018;0;15399.6500000;0
D&J-IND;D;20131019;0;15399.6500000;0
D&J-IND;D;20131020;0;15399.6500000;0
D&J-IND;D;20131021;0;15392.2000000;0
D&J-IND;D;20131022;0;15467.6600000;0
D&J-IND;D;20131023;0;15413.3300000;0
D&J-IND;D;20131024;0;15509.2100000;0
D&J-IND;D;20131025;0;15570.2800000;0
D&J-IND;D;20131026;0;15570.2800000;0
D&J-IND;D;20131027;0;15570.2800000;0
D&J-IND;D;20131028;0;15568.9300000;0
D&J-IND;D;20131029;0;15680.3500000;0
D&J-IND;D;20131030;0;15618.7600000;0
D&J-IND;D;20131031;0;15545.7500000;0
D&J-IND;D;20131101;0;15615.5500000;0
D&J-IND;D;20131102;0;15615.5500000;0
D&J-IND;D;20131103;0;15615.5500000;0
D&J-IND;D;20131104;0;15639.1200000;0
D&J-IND;D;20131105;0;15618.2200000;0
D&J-IND;D;20131106;0;15746.8800000;0
D&J-IND;D;20131107;0;15593.9800000;0
D&J-IND;D;20131108;0;15761.7800000;0
D&J-IND;D;20131109;0;15761.7800000;0
D&J-IND;D;20131110;0;15761.7800000;0
D&J-IND;D;20131111;0;15783.1000000;0
D&J-IND;D;20131112;0;15750.6700000;0
D&J-IND;D;20131113;0;15821.6300000;0
D&J-IND;D;20131114;0;15876.2200000;0
D&J-IND;D;20131115;0;15961.7000000;0
D&J-IND;D;20131116;0;15961.7000000;0
D&J-IND;D;20131117;0;15961.7000000;0
D&J-IND;D;20131118;0;15976.0200000;0
D&J-IND;D;20131119;0;15967.0300000;0
D&J-IND;D;20131120;0;15900.8200000;0
D&J-IND;D;20131121;0;16009.9900000;0
D&J-IND;D;20131122;0;16064.7700000;0
D&J-IND;D;20131123;0;16064.7700000;0
D&J-IND;D;20131124;0;16064.7700000;0
D&J-IND;D;20131125;0;16072.5400000;0
D&J-IND;D;20131126;0;16072.8000000;0
D&J-IND;D;20131127;0;16097.3300000;0
D&J-IND;D;20131128;0;16097.3300000;0
D&J-IND;D;20131129;0;16086.4100000;0
D&J-IND;D;20131130;0;16086.4100000;0
D&J-IND;D;20131201;0;16086.4100000;0
D&J-IND;D;20131202;0;16008.7700000;0
D&J-IND;D;20131203;0;15914.6200000;0
D&J-IND;D;20131204;0;15889.7700000;0
D&J-IND;D;20131205;0;15821.5100000;0
D&J-IND;D;20131206;0;16020.2000000;0
D&J-IND;D;20131207;0;16020.2000000;0
D&J-IND;D;20131208;0;16020.2000000;0
D&J-IND;D;20131209;0;16025.5300000;0
D&J-IND;D;20131210;0;15973.1300000;0
D&J-IND;D;20131211;0;15843.5300000;0
D&J-IND;D;20131212;0;15739.4300000;0
D&J-IND;D;20131213;0;15755.3600000;0
D&J-IND;D;20131214;0;15755.3600000;0
D&J-IND;D;20131215;0;15755.3600000;0
D&J-IND;D;20131216;0;15884.5700000;0
D&J-IND;D;20131217;0;15875.2600000;0
D&J-IND;D;20131218;0;16167.9700000;0
D&J-IND;D;20131219;0;16179.0800000;0
D&J-IND;D;20131220;0;16221.1400000;0
D&J-IND;D;20131221;0;16221.1400000;0
D&J-IND;D;20131222;0;16221.1400000;0
D&J-IND;D;20131223;0;16294.6100000;0
D&J-IND;D;20131224;0;16357.5500000;0
D&J-IND;D;20131225;0;16357.5500000;0
D&J-IND;D;20131226;0;16479.8800000;0
D&J-IND;D;20131227;0;16478.4100000;0
D&J-IND;D;20131228;0;16478.4100000;0
D&J-IND;D;20131229;0;16478.4100000;0
D&J-IND;D;20131230;0;16504.2900000;0
D&J-IND;D;20131231;0;16576.6600000;0
D&J-IND;D;20140101;0;16576.6600000;0
D&J-IND;D;20140102;0;16441.3500000;0
D&J-IND;D;20140103;0;16469.9900000;0
D&J-IND;D;20140104;0;16469.9900000;0
D&J-IND;D;20140105;0;16469.9900000;0
D&J-IND;D;20140106;0;16425.1000000;0
D&J-IND;D;20140107;0;16530.9400000;0
D&J-IND;D;20140108;0;16462.7400000;0
D&J-IND;D;20140109;0;16444.7600000;0
D&J-IND;D;20140110;0;16437.0500000;0
D&J-IND;D;20140111;0;16437.0500000;0
D&J-IND;D;20140112;0;16437.0500000;0
D&J-IND;D;20140113;0;16257.9400000;0
D&J-IND;D;20140114;0;16373.8600000;0
D&J-IND;D;20140115;0;16481.9400000;0
D&J-IND;D;20140116;0;16417.0100000;0
D&J-IND;D;20140117;0;16458.5600000;0
D&J-IND;D;20140118;0;16458.5600000;0
D&J-IND;D;20140119;0;16458.5600000;0
D&J-IND;D;20140120;0;16458.5600000;0
D&J-IND;D;20140121;0;16414.4400000;0
D&J-IND;D;20140122;0;16373.3400000;0
D&J-IND;D;20140123;0;16197.3500000;0
D&J-IND;D;20140124;0;15879.1100000;0
D&J-IND;D;20140125;0;15879.1100000;0
D&J-IND;D;20140126;0;15879.1100000;0
D&J-IND;D;20140127;0;15837.8800000;0
D&J-IND;D;20140128;0;15928.5600000;0
D&J-IND;D;20140129;0;15738.7900000;0
D&J-IND;D;20140130;0;15848.6100000;0
D&J-IND;D;20140131;0;15698.8500000;0
D&J-IND;D;20140201;0;15698.8500000;0
D&J-IND;D;20140202;0;15698.8500000;0
D&J-IND;D;20140203;0;15372.8000000;0
D&J-IND;D;20140204;0;15445.2400000;0
D&J-IND;D;20140205;0;15440.2300000;0
D&J-IND;D;20140206;0;15626.3700000;11621
D&J-IND;D;20140207;0;15794.0800000;0
D&J-IND;D;20140208;0;15794.0800000;0
D&J-IND;D;20140209;0;15794.0800000;0
D&J-IND;D;20140210;0;15801.7900000;0
D&J-IND;D;20140211;0;15994.7700000;0
D&J-IND;D;20140212;0;15963.9400000;0
D&J-IND;D;20140213;0;16027.5900000;0
D&J-IND;D;20140214;0;16154.3900000;0
D&J-IND;D;20140215;0;16154.3900000;0
D&J-IND;D;20140216;0;16154.3900000;0
D&J-IND;D;20140217;0;16154.3900000;0
D&J-IND;D;20140218;0;16130.4000000;0
D&J-IND;D;20140219;0;16040.5600000;0
D&J-IND;D;20140220;0;16133.2300000;0
D&J-IND;D;20140221;0;16103.3000000;0
D&J-IND;D;20140222;0;16103.3000000;0
D&J-IND;D;20140223;0;16103.3000000;0
D&J-IND;D;20140224;0;16207.1400000;0
D&J-IND;D;20140225;0;16179.6600000;0
D&J-IND;D;20140226;0;16198.4100000;0
D&J-IND;D;20140227;0;16272.6500000;0
D&J-IND;D;20140228;0;16321.7100000;0
D&J-IND;D;20140301;0;16321.7100000;0
D&J-IND;D;20140302;0;16321.7100000;0
D&J-IND;D;20140303;0;16168.0300000;0
D&J-IND;D;20140304;0;16395.8800000;0
D&J-IND;D;20140305;0;16360.1800000;0
D&J-IND;D;20140306;0;16421.8900000;0
D&J-IND;D;20140307;0;16452.7200000;0
D&J-IND;D;20140308;0;16452.7200000;0
D&J-IND;D;20140309;0;16452.7200000;0
D&J-IND;D;20140310;0;16418.6800000;0
D&J-IND;D;20140311;0;16351.2500000;0
D&J-IND;D;20140312;0;16340.0800000;0
D&J-IND;D;20140313;0;16108.8900000;0
D&J-IND;D;20140314;0;16065.6700000;0
D&J-IND;D;20140315;0;16065.6700000;0
D&J-IND;D;20140316;0;16065.6700000;0
D&J-IND;D;20140317;0;16247.2200000;0
D&J-IND;D;20140318;0;16336.1900000;0
D&J-IND;D;20140319;0;16222.1700000;0
D&J-IND;D;20140320;0;16331.0500000;0
D&J-IND;D;20140321;0;16302.7700000;0
D&J-IND;D;20140322;0;16302.7700000;0
D&J-IND;D;20140323;0;16302.7700000;0
D&J-IND;D;20140324;0;16276.6900000;0
D&J-IND;D;20140325;0;16367.8800000;0
D&J-IND;D;20140326;0;16268.9900000;0
D&J-IND;D;20140327;0;16264.2300000;0
D&J-IND;D;20140328;0;16323.0600000;0
D&J-IND;D;20140329;0;16323.0600000;0
D&J-IND;D;20140330;0;16323.0600000;0
D&J-IND;D;20140331;0;16457.6600000;0
D&J-IND;D;20140401;0;16532.6100000;0
D&J-IND;D;20140402;0;16573.0000000;0
D&J-IND;D;20140403;0;16572.5500000;0
D&J-IND;D;20140404;0;16412.7100000;0
D&J-IND;D;20140405;0;16412.7100000;0
D&J-IND;D;20140406;0;16412.7100000;0
D&J-IND;D;20140407;0;16245.8700000;0
D&J-IND;D;20140408;0;16256.1400000;0
D&J-IND;D;20140409;0;16437.1800000;0
D&J-IND;D;20140410;0;16170.2200000;0
D&J-IND;D;20140411;0;16026.7500000;0
D&J-IND;D;20140412;0;16026.7500000;0
D&J-IND;D;20140413;0;16026.7500000;0
D&J-IND;D;20140414;0;16173.2400000;0
D&J-IND;D;20140415;0;16262.5600000;0
D&J-IND;D;20140416;0;16424.8500000;0
D&J-IND;D;20140417;0;16408.5400000;0
D&J-IND;D;20140418;0;16408.5400000;0
D&J-IND;D;20140419;0;16408.5400000;0
D&J-IND;D;20140420;0;16408.5400000;0
D&J-IND;D;20140421;0;16449.2500000;0
D&J-IND;D;20140422;0;16514.3700000;0
D&J-IND;D;20140423;0;16501.6500000;0
D&J-IND;D;20140424;0;16501.6500000;0
D&J-IND;D;20140425;0;16361.4600000;0
D&J-IND;D;20140426;0;16361.4600000;0
D&J-IND;D;20140427;0;16361.4600000;0
D&J-IND;D;20140428;0;16448.7400000;0
D&J-IND;D;20140429;0;16535.3700000;0
D&J-IND;D;20140430;0;16580.8400000;0
D&J-IND;D;20140501;0;16558.8700000;0
D&J-IND;D;20140502;0;16512.8900000;0
D&J-IND;D;20140503;0;16512.8900000;0
D&J-IND;D;20140505;0;16530.5500000;0
D&J-IND;D;20140506;0;16401.0200000;0
D&J-IND;D;20140507;0;16518.5400000;0
D&J-IND;D;20140508;0;16550.9700000;0
D&J-IND;D;20140509;0;16583.3400000;0
D&J-IND;D;20140510;0;16583.3400000;0
D&J-IND;D;20140511;0;16583.3400000;0
D&J-IND;D;20140512;0;16695.4700000;0
D&J-IND;D;20140513;0;16715.4400000;0
D&J-IND;D;20140514;0;16613.9700000;0
D&J-IND;D;20140515;0;16446.8100000;0
D&J-IND;D;20140516;0;16491.3100000;0
D&J-IND;D;20140517;0;16491.3100000;0
D&J-IND;D;20140518;0;16491.3100000;0
D&J-IND;D;20140519;0;16511.8600000;0
D&J-IND;D;20140520;0;16374.3100000;0
D&J-IND;D;20140521;0;16533.0600000;0
D&J-IND;D;20140522;0;16543.0800000;0
D&J-IND;D;20140523;0;16606.2700000;0
D&J-IND;D;20140524;0;16606.2700000;0
D&J-IND;D;20140525;0;16606.2700000;0
D&J-IND;D;20140526;0;16606.2700000;0
D&J-IND;D;20140527;0;16675.5000000;0
D&J-IND;D;20140528;0;16633.1800000;0
D&J-IND;D;20140529;0;16698.7400000;0
D&J-IND;D;20140530;0;16717.1700000;0
D&J-IND;D;20140531;0;16717.1700000;0
D&J-IND;D;20140601;0;16717.1700000;0
D&J-IND;D;20140602;0;16743.6300000;0
D&J-IND;D;20140603;0;16722.3400000;0
D&J-IND;D;20140604;0;16737.5300000;0
D&J-IND;D;20140605;0;16836.1100000;0
D&J-IND;D;20140606;0;16924.2800000;0
D&J-IND;D;20140607;0;16924.2800000;0
D&J-IND;D;20140608;0;16924.2800000;0
D&J-IND;D;20140609;0;16943.1000000;0
D&J-IND;D;20140610;0;16945.9200000;0
D&J-IND;D;20140611;0;16843.8800000;0
D&J-IND;D;20140612;0;16734.1900000;0
D&J-IND;D;20140613;0;16775.7400000;0
D&J-IND;D;20140614;0;16775.7400000;0
D&J-IND;D;20140615;0;16775.7400000;0
D&J-IND;D;20140616;0;16781.0100000;0
D&J-IND;D;20140617;0;16808.4900000;0
D&J-IND;D;20140618;0;16906.6200000;0
D&J-IND;D;20140619;0;16921.4600000;0
D&J-IND;D;20140620;0;16947.0800000;0
D&J-IND;D;20140621;0;16947.0800000;0
D&J-IND;D;20140622;0;16947.0800000;0
D&J-IND;D;20140623;0;16937.2600000;0
D&J-IND;D;20140624;0;16818.1300000;0
D&J-IND;D;20140625;0;16867.5100000;0
D&J-IND;D;20140626;0;16846.1300000;0
D&J-IND;D;20140627;0;16851.8400000;0
D&J-IND;D;20140628;0;16851.8400000;0
D&J-IND;D;20140629;0;16851.8400000;0
D&J-IND;D;20140630;0;16826.6000000;0
D&J-IND;D;20140701;0;16956.0700000;0
D&J-IND;D;20140702;0;16976.2400000;0
D&J-IND;D;20140703;0;17068.2600000;0
D&J-IND;D;20140704;0;17068.2600000;0
D&J-IND;D;20140705;0;17068.2600000;0
D&J-IND;D;20140706;0;17068.2600000;0
D&J-IND;D;20140707;0;17024.2100000;0
D&J-IND;D;20140708;0;16906.6200000;0
D&J-IND;D;20140709;0;16985.6100000;0
D&J-IND;D;20140710;0;16915.0700000;0
D&J-IND;D;20140711;0;16943.8100000;0
D&J-IND;D;20140712;0;16943.8100000;0
D&J-IND;D;20140713;0;16943.8100000;0
D&J-IND;D;20140714;0;17055.4200000;0
D&J-IND;D;20140715;0;17060.6800000;0
D&J-IND;D;20140716;0;17138.2000000;0
D&J-IND;D;20140717;0;16976.8100000;0
D&J-IND;D;20140718;0;17100.1800000;0
D&J-IND;D;20140719;0;17100.1800000;0
D&J-IND;D;20140720;0;17100.1800000;0
D&J-IND;D;20140721;0;17051.7300000;0
D&J-IND;D;20140722;0;17113.5400000;0
D&J-IND;D;20140723;0;17086.6300000;0
D&J-IND;D;20140724;0;17083.8000000;0
D&J-IND;D;20140725;0;16960.5700000;0
D&J-IND;D;20140726;0;16960.5700000;0
D&J-IND;D;20140727;0;16960.5700000;0
D&J-IND;D;20140728;0;16982.5900000;0
D&J-IND;D;20140729;0;16912.1100000;0
D&J-IND;D;20140730;0;16880.3600000;0
D&J-IND;D;20140731;0;16563.3000000;0
D&J-IND;D;20140801;0;16493.3700000;0
D&J-IND;D;20140802;0;16493.3700000;0
D&J-IND;D;20140803;0;16493.3700000;0
D&J-IND;D;20140804;0;16569.2800000;0
D&J-IND;D;20140805;0;16429.4700000;0
D&J-IND;D;20140806;0;16443.3400000;0
D&J-IND;D;20140807;0;16368.2700000;0
D&J-IND;D;20140808;0;16553.9300000;0
D&J-IND;D;20140809;0;16553.9300000;0
D&J-IND;D;20140810;0;16553.9300000;0
D&J-IND;D;20140811;0;16569.9800000;0
D&J-IND;D;20140812;0;16560.5400000;0
D&J-IND;D;20140813;0;16651.8000000;0
D&J-IND;D;20140814;0;16713.5800000;0
D&J-IND;D;20140815;0;16662.9100000;0
D&J-IND;D;20140816;0;16662.9100000;0
D&J-IND;D;20140817;0;16662.9100000;0
D&J-IND;D;20140818;0;16838.7400000;0
D&J-IND;D;20140819;0;16919.5900000;0
D&J-IND;D;20140820;0;16979.1300000;0
D&J-IND;D;20140821;0;17039.4900000;0
D&J-IND;D;20140822;0;17001.2200000;0
D&J-IND;D;20140823;0;17001.2200000;0
D&J-IND;D;20140824;0;17001.2200000;0
D&J-IND;D;20140825;0;17076.8700000;0
D&J-IND;D;20140826;0;17106.7000000;0
D&J-IND;D;20140827;0;17122.0100000;0
D&J-IND;D;20140828;0;17079.5700000;0
D&J-IND;D;20140829;0;17098.4500000;0
D&J-IND;D;20140830;0;17098.4500000;0
D&J-IND;D;20140831;0;17098.4500000;0
D&J-IND;D;20140901;0;17098.4500000;0
D&J-IND;D;20140902;0;17067.5600000;0
D&J-IND;D;20140903;0;17078.2800000;0
D&J-IND;D;20140904;0;17069.5800000;0
D&J-IND;D;20140905;0;17137.3600000;0
D&J-IND;D;20140906;0;17137.3600000;0
D&J-IND;D;20140907;0;17137.3600000;0
D&J-IND;D;20140908;0;17111.4200000;0
D&J-IND;D;20140909;0;17013.8700000;0
D&J-IND;D;20140910;0;17068.7100000;0
D&J-IND;D;20140911;0;17049.0000000;0
D&J-IND;D;20140912;0;16987.5100000;0
D&J-IND;D;20140913;0;16987.5100000;0
D&J-IND;D;20140914;0;16987.5100000;0
D&J-IND;D;20140915;0;17031.1400000;0
D&J-IND;D;20140916;0;17131.9700000;0
D&J-IND;D;20140917;0;17156.8500000;0
D&J-IND;D;20140918;0;17265.9900000;0
D&J-IND;D;20140919;0;17279.7400000;0
D&J-IND;D;20140920;0;17279.7400000;0
D&J-IND;D;20140921;0;17279.7400000;0
D&J-IND;D;20140922;0;17172.6800000;0
D&J-IND;D;20140923;0;17055.8700000;0
D&J-IND;D;20140924;0;17210.0600000;0
D&J-IND;D;20140925;0;16945.8000000;0
D&J-IND;D;20140926;0;17113.1500000;0
D&J-IND;D;20140927;0;17113.1500000;0
D&J-IND;D;20140928;0;17113.1500000;0
D&J-IND;D;20140929;0;17071.2200000;0
D&J-IND;D;20140930;0;17042.9000000;0
D&J-IND;D;20141001;0;16804.7100000;0
D&J-IND;D;20141002;0;16801.0500000;0
D&J-IND;D;20141003;0;17009.6900000;0
D&J-IND;D;20141004;0;17009.6900000;0
D&J-IND;D;20141005;0;17009.6900000;0
D&J-IND;D;20141006;0;16991.9100000;0
D&J-IND;D;20141007;0;16719.3900000;0
D&J-IND;D;20141008;0;16994.2200000;0
D&J-IND;D;20141009;0;16659.2500000;0
D&J-IND;D;20141010;0;16544.1000000;0
D&J-IND;D;20141011;0;16544.1000000;0
D&J-IND;D;20141013;0;16321.0700000;0
D&J-IND;D;20141014;0;16315.1900000;0
D&J-IND;D;20141015;0;16141.7400000;0
D&J-IND;D;20141016;0;16117.2400000;0
D&J-IND;D;20141017;0;16380.4100000;0
D&J-IND;D;20141018;0;16380.4100000;0
D&J-IND;D;20141019;0;16380.4100000;0
D&J-IND;D;20141020;0;16399.6700000;0
D&J-IND;D;20141021;0;16614.8100000;0
D&J-IND;D;20141022;0;16461.3200000;0
D&J-IND;D;20141023;0;16677.9000000;0
D&J-IND;D;20141024;0;16805.4100000;0
D&J-IND;D;20141025;0;16805.4100000;0
D&J-IND;D;20141026;0;16805.4100000;0
D&J-IND;D;20141027;0;16817.9400000;0
D&J-IND;D;20141028;0;17005.7500000;0
D&J-IND;D;20141029;0;16974.3100000;0
D&J-IND;D;20141030;0;17195.4200000;0
D&J-IND;D;20141031;0;17390.5200000;0
D&J-IND;D;20141101;0;17390.5200000;0
D&J-IND;D;20141102;0;17390.5200000;0
D&J-IND;D;20141103;0;17366.2400000;0
D&J-IND;D;20141104;0;17383.8400000;0
D&J-IND;D;20141105;0;17484.5300000;0
D&J-IND;D;20141106;0;17554.4700000;0
D&J-IND;D;20141107;0;17573.9300000;0
D&J-IND;D;20141108;0;17573.9300000;0
D&J-IND;D;20141109;0;17573.9300000;0
D&J-IND;D;20141110;0;17613.7400000;0
D&J-IND;D;20141111;0;17614.9000000;0
D&J-IND;D;20141112;0;17612.2000000;0
D&J-IND;D;20141113;0;17652.7900000;0
D&J-IND;D;20141114;0;17634.7400000;0
D&J-IND;D;20141115;0;17634.7400000;0
D&J-IND;D;20141116;0;17634.7400000;0
D&J-IND;D;20141117;0;17647.7500000;0
D&J-IND;D;20141118;0;17687.8200000;0
D&J-IND;D;20141119;0;17685.7300000;0
D&J-IND;D;20141120;0;17719.0000000;0
D&J-IND;D;20141121;0;17810.0600000;0
D&J-IND;D;20141122;0;17810.0600000;0
D&J-IND;D;20141123;0;17810.0600000;0
D&J-IND;D;20141124;0;17817.9000000;0
D&J-IND;D;20141125;0;17814.9400000;0
D&J-IND;D;20141126;0;17827.7500000;0
D&J-IND;D;20141127;0;17827.7500000;0
D&J-IND;D;20141128;0;17828.2400000;0
D&J-IND;D;20141129;0;17828.2400000;0
D&J-IND;D;20141130;0;17828.2400000;0
D&J-IND;D;20141201;0;17776.8000000;0
D&J-IND;D;20141202;0;17879.5500000;0
D&J-IND;D;20141203;0;17912.6200000;0
D&J-IND;D;20141204;0;17900.1000000;0
D&J-IND;D;20141205;0;17958.7900000;0
D&J-IND;D;20141206;0;17958.7900000;0
D&J-IND;D;20141207;0;17958.7900000;0
D&J-IND;D;20141208;0;17852.4800000;0
D&J-IND;D;20141209;0;17801.2000000;0
D&J-IND;D;20141210;0;17533.1500000;0
D&J-IND;D;20141211;0;17596.3400000;0
D&J-IND;D;20141212;0;17280.8300000;0
D&J-IND;D;20141213;0;17280.8300000;0
D&J-IND;D;20141214;0;17280.8300000;0
D&J-IND;D;20141215;0;17180.8400000;0
D&J-IND;D;20141216;0;17068.8700000;0
D&J-IND;D;20141217;0;17356.8700000;0
D&J-IND;D;20141218;0;17778.1500000;0
D&J-IND;D;20141219;0;17804.8000000;0
D&J-IND;D;20141220;0;17804.8000000;0
D&J-IND;D;20141221;0;17804.8000000;0
D&J-IND;D;20141222;0;17959.4400000;0
D&J-IND;D;20141223;0;18024.1700000;11541
D&J-IND;D;20141224;0;18030.2100000;6231
D&J-IND;D;20141226;0;18053.7100000;11307
D&J-IND;D;20141229;0;18038.2300000;11563
D&J-IND;D;20141230;0;17983.0700000;11420
D&J-IND;D;20141231;0;17823.0700000;11479
D&J-IND;D;20150102;0;17832.9900000;18170
D&J-IND;D;20150105;0;17501.6500000;22534
D&J-IND;D;20150106;0;17371.6400000;22615
D&J-IND;D;20150107;0;17584.5200000;22296
D&J-IND;D;20150108;0;17907.8700000;22294
D&J-IND;D;20150109;0;17737.3700000;16180
D&J-IND;D;20150112;0;17640.8400000;21088
D&J-IND;D;20150113;0;17613.6800000;22213
D&J-IND;D;20150114;0;17427.0900000;22005
D&J-IND;D;20150115;0;17320.7100000;21997
D&J-IND;D;20150116;0;17511.5700000;19734
D&J-IND;D;20150120;0;17515.2300000;21869
D&J-IND;D;20150121;0;17554.2800000;22369
D&J-IND;D;20150122;0;17813.9800000;22581
D&J-IND;D;20150123;0;17672.6000000;21259
D&J-IND;D;20150126;0;17678.7000000;22041
D&J-IND;D;20150127;0;17387.2100000;22396
D&J-IND;D;20150128;0;17191.3700000;20528
D&J-IND;D;20150129;0;17416.8500000;22522
D&J-IND;D;20150130;0;17164.9500000;22461
D&J-IND;D;20150202;0;17361.0400000;22408
D&J-IND;D;20150203;0;17666.4000000;22746
D&J-IND;D;20150204;0;17673.0200000;22313
D&J-IND;D;20150205;0;17884.8800000;22370
D&J-IND;D;20150206;0;17824.2900000;22408
D&J-IND;D;20150209;0;17729.2100000;21940
D&J-IND;D;20150210;0;17868.7600000;21956
D&J-IND;D;20150211;0;17862.1400000;22373
D&J-IND;D;20150212;0;17972.3800000;22728
D&J-IND;D;20150213;0;18019.3500000;22201
D&J-IND;D;20150217;0;18047.5800000;21858
D&J-IND;D;20150218;0;18029.8500000;21200
D&J-IND;D;20150219;0;17985.7700000;21660
D&J-IND;D;20150220;0;18140.4400000;19081
D&J-IND;D;20150223;0;18116.8400000;21938
D&J-IND;D;20150224;0;18209.1900000;21798
D&J-IND;D;20150225;0;18224.5700000;22040
D&J-IND;D;20150226;0;18214.4200000;21785
D&J-IND;D;20150227;0;18132.7000000;20884
D&J-IND;D;20150302;0;18288.6300000;20669
D&J-IND;D;20150303;0;18203.3700000;21571
D&J-IND;D;20150304;0;18096.9000000;21837
D&J-IND;D;20150305;0;18135.7200000;19779
D&J-IND;D;20150306;0;17856.7800000;21385
D&J-IND;D;20150309;0;17995.7200000;21718
D&J-IND;D;20150310;0;17662.9400000;21796
D&J-IND;D;20150311;0;17635.3900000;21619
D&J-IND;D;20150312;0;17895.2200000;22175
D&J-IND;D;20150313;0;17749.3100000;20860
D&J-IND;D;20150316;0;17977.4200000;21748
D&J-IND;D;20150317;0;17849.0800000;21895
D&J-IND;D;20150318;0;18076.1900000;21835
D&J-IND;D;20150319;0;17959.0300000;21605
D&J-IND;D;20150320;0;18127.6500000;22655
D&J-IND;D;20150323;0;18116.0400000;22035
D&J-IND;D;20150324;0;18011.1400000;21895
D&J-IND;D;20150325;0;17718.5400000;16250
D&J-IND;D;20150326;0;17678.2300000;20918
D&J-IND;D;20150327;0;17712.6600000;21707
D&J-IND;D;20150330;0;17976.3100000;22432
D&J-IND;D;20150331;0;17776.1200000;21587
D&J-IND;D;20150401;0;17698.1800000;21809
D&J-IND;D;20150402;0;17763.2400000;21523
D&J-IND;D;20150406;0;17880.8500000;21873
D&J-IND;D;20150407;0;17875.4200000;21736
D&J-IND;D;20150408;0;17902.5100000;22036
D&J-IND;D;20150409;0;17958.7300000;21997
D&J-IND;D;20150410;0;18057.6500000;22056
D&J-IND;D;20150413;0;17977.0400000;21685
D&J-IND;D;20150414;0;18036.7000000;22138
D&J-IND;D;20150415;0;18112.6100000;22305
D&J-IND;D;20150416;0;18105.7700000;22293
D&J-IND;D;20150417;0;17826.3000000;22312
D&J-IND;D;20150420;0;18034.9300000;22348
D&J-IND;D;20150421;0;17949.5900000;22361
D&J-IND;D;20150422;0;18038.2700000;22376
D&J-IND;D;20150423;0;18058.6900000;22526
D&J-IND;D;20150424;0;18080.1400000;22606
D&J-IND;D;20150427;0;18037.9700000;22856
D&J-IND;D;20150428;0;18110.1400000;22779
D&J-IND;D;20150429;0;18035.5300000;22670
D&J-IND;D;20150430;0;17840.5200000;22724
D&J-IND;D;20150501;0;18024.0600000;22420
D&J-IND;D;20150504;0;18070.4000000;22451
D&J-IND;D;20150505;0;17928.2000000;22148
D&J-IND;D;20150506;0;17841.9800000;22373
D&J-IND;D;20150507;0;17924.0600000;22246
D&J-IND;D;20150508;0;18191.1100000;22087
D&J-IND;D;20150511;0;18105.1700000;22028
D&J-IND;D;20150512;0;18068.2300000;21878
D&J-IND;D;20150513;0;18060.4900000;21928
D&J-IND;D;20150514;0;18252.2400000;21853
D&J-IND;D;20150515;0;18272.5600000;21685
D&J-IND;D;20150518;0;18298.8800000;21980
D&J-IND;D;20150519;0;18312.3900000;22030
D&J-IND;D;20150520;0;18285.4000000;21647
D&J-IND;D;20150521;0;18285.7400000;21362
D&J-IND;D;20150522;0;18232.0200000;21226
D&J-IND;D;20150526;0;18041.5400000;21594
D&J-IND;D;20150527;0;18162.9900000;21773
D&J-IND;D;20150528;0;18126.1200000;21109
D&J-IND;D;20150529;0;18010.6800000;21782
D&J-IND;D;20150601;0;18040.3700000;21560
D&J-IND;D;20150602;0;18011.9400000;21789
D&J-IND;D;20150603;0;18076.2700000;21538
D&J-IND;D;20150604;0;17905.5800000;21852
D&J-IND;D;20150605;0;17849.4600000;21557
D&J-IND;D;20150608;0;17766.5500000;21838
D&J-IND;D;20150609;0;17764.0400000;21763
D&J-IND;D;20150610;0;18000.4000000;21883
D&J-IND;D;20150611;0;18039.3700000;21168
D&J-IND;D;20150612;0;17898.8400000;21029
D&J-IND;D;20150615;0;17791.1700000;21572
D&J-IND;D;20150616;0;17904.4800000;21270
D&J-IND;D;20150617;0;17935.7400000;21750
D&J-IND;D;20150618;0;18115.8400000;21760
D&J-IND;D;20150619;0;18014.2800000;21492
D&J-IND;D;20150622;0;18119.7800000;21324
D&J-IND;D;20150623;0;18144.0700000;21437
D&J-IND;D;20150624;0;17966.0700000;21743
D&J-IND;D;20150625;0;17890.3600000;21089
D&J-IND;D;20150626;0;17947.0200000;21410
D&J-IND;D;20150629;0;17596.3500000;22042
D&J-IND;D;20150630;0;17619.5100000;22074
D&J-IND;D;20150701;0;17757.9100000;21695
D&J-IND;D;20150702;0;17730.1100000;21321
D&J-IND;D;20150706;0;17683.5800000;20966
D&J-IND;D;20150707;0;17776.9100000;22533
D&J-IND;D;20150708;0;17515.4200000;22681
D&J-IND;D;20150709;0;17548.6200000;22420
D&J-IND;D;20150710;0;17760.4100000;21422
D&J-IND;D;20150713;0;17977.6800000;21725
D&J-IND;D;20150714;0;18053.5800000;19530
D&J-IND;D;20150715;0;18050.1700000;22152
D&J-IND;D;20150716;0;18120.2500000;22456
D&J-IND;D;20150717;0;18086.4500000;22236
D&J-IND;D;20150720;0;18100.4100000;22201
D&J-IND;D;20150721;0;17919.2900000;22300
D&J-IND;D;20150722;0;17851.0400000;22556
D&J-IND;D;20150723;0;17731.9500000;22761
D&J-IND;D;20150724;0;17568.5300000;21677
D&J-IND;D;20150727;0;17440.5900000;22352
D&J-IND;D;20150728;0;17630.2700000;22713
D&J-IND;D;20150729;0;17751.3900000;22569
D&J-IND;D;20150730;0;17745.9800000;22233
D&J-IND;D;20150731;0;17690.4600000;22514
D&J-IND;D;20150803;0;17598.2000000;22796
D&J-IND;D;20150804;0;17550.6900000;22826
D&J-IND;D;20150805;0;17540.4700000;22619
D&J-IND;D;20150806;0;17419.7500000;22901
D&J-IND;D;20150807;0;17373.3800000;22372
D&J-IND;D;20150810;0;17615.1700000;22607
D&J-IND;D;20150811;0;17402.8400000;22849
D&J-IND;D;20150812;0;17402.5100000;23541
D&J-IND;D;20150813;0;17408.2500000;22553
D&J-IND;D;20150814;0;17477.4000000;21755
D&J-IND;D;20150817;0;17545.1800000;22110
D&J-IND;D;20150818;0;17511.3400000;22346
D&J-IND;D;20150819;0;17348.7300000;22812
D&J-IND;D;20150820;0;16990.6900000;22997
D&J-IND;D;20150821;0;16459.7500000;23316
D&J-IND;D;20150824;0;15871.2800000;23414
D&J-IND;D;20150825;0;15666.4400000;23255
D&J-IND;D;20150826;0;16285.5100000;23368
D&J-IND;D;20150827;0;16654.7700000;22895
D&J-IND;D;20150828;0;16643.0100000;22898
D&J-IND;D;20150831;0;16528.0300000;22888
D&J-IND;D;20150901;0;16058.3500000;22871
D&J-IND;D;20150902;0;16351.3800000;22775
D&J-IND;D;20150903;0;16374.7600000;22643
D&J-IND;D;20150904;0;16102.3800000;22712
D&J-IND;D;20150908;0;16492.6800000;22776
D&J-IND;D;20150909;0;16253.5700000;22841
D&J-IND;D;20150910;0;16330.4000000;22646
D&J-IND;D;20150911;0;16433.0900000;22166
D&J-IND;D;20150914;0;16370.9600000;21887
D&J-IND;D;20150915;0;16599.8500000;22518
D&J-IND;D;20150916;0;16739.9500000;22366
D&J-IND;D;20150917;0;16674.7400000;22721
D&J-IND;D;20150918;0;16384.7900000;22700
D&J-IND;D;20150921;0;16510.1900000;22698
D&J-IND;D;20150922;0;16330.4700000;22684
D&J-IND;D;20150923;0;16279.8900000;22284
D&J-IND;D;20150924;0;16201.3200000;22783
D&J-IND;D;20150925;0;16314.6700000;22777
D&J-IND;D;20150928;0;16001.8900000;22873
D&J-IND;D;20150929;0;16049.1300000;22951
D&J-IND;D;20150930;0;16284.7000000;21956
D&J-IND;D;20151001;0;16272.0100000;23013
D&J-IND;D;20151002;0;16472.3700000;22773
D&J-IND;D;20151005;0;16696.8200000;12413
D&J-IND;D;20151006;0;16781.2400000;12498
D&J-IND;D;20151007;0;16806.1900000;12400
D&J-IND;D;20151008;0;16899.9900000;12214
D&J-IND;D;20151009;0;17056.5600000;11982
D&J-IND;D;20151012;0;17131.8600000;21876
D&J-IND;D;20151013;0;17081.8900000;22745
D&J-IND;D;20151014;0;16924.7500000;22894
D&J-IND;D;20151015;0;17141.7500000;22813
D&J-IND;D;20151016;0;17215.9700000;22707
D&J-IND;D;20151019;0;17230.5400000;22959
D&J-IND;D;20151020;0;17217.1100000;22958
D&J-IND;D;20151021;0;17168.6100000;22982
D&J-IND;D;20151022;0;17489.1600000;23583
D&J-IND;D;20151023;0;17646.7000000;23121
D&J-IND;D;20151026;0;17623.0500000;23019
D&J-IND;D;20151027;0;17581.4300000;23144
D&J-IND;D;20151028;0;17779.5200000;23104
D&J-IND;D;20151029;0;17755.8000000;22706
D&J-IND;D;20151030;0;17663.5400000;22844
D&J-IND;D;20151102;0;17828.7600000;22896
D&J-IND;D;20151103;0;17918.1500000;22960
D&J-IND;D;20151104;0;17867.5800000;22812
D&J-IND;D;20151105;0;17863.4300000;19374
D&J-IND;D;20151106;0;17910.3300000;22712
D&J-IND;D;20151109;0;17730.4800000;22692
D&J-IND;D;20151110;0;17758.2100000;22649
D&J-IND;D;20151111;0;17702.2200000;22569
D&J-IND;D;20151112;0;17448.0700000;22934
D&J-IND;D;20151113;0;17245.2400000;23012
D&J-IND;D;20151116;0;17483.0100000;22897
D&J-IND;D;20151117;0;17489.5000000;22986
D&J-IND;D;20151118;0;17737.1600000;22798
D&J-IND;D;20151119;0;17732.7500000;22892
D&J-IND;D;20151120;0;17823.8100000;22952
D&J-IND;D;20151123;0;17792.6800000;22981
D&J-IND;D;20151124;0;17812.1900000;22901
D&J-IND;D;20151125;0;17813.3900000;22263
D&J-IND;D;20151127;0;17798.4900000;12278
D&J-IND;D;20151130;0;17719.9200000;22955
D&J-IND;D;20151201;0;17888.3500000;20921
D&J-IND;D;20151202;0;17729.6800000;22804
D&J-IND;D;20151203;0;17477.6700000;23062
D&J-IND;D;20151204;0;17847.6300000;22770
D&J-IND;D;20151207;0;17730.5100000;22883
D&J-IND;D;20151208;0;17568.0000000;22677
D&J-IND;D;20151209;0;17492.3000000;23005
D&J-IND;D;20151210;0;17574.7500000;22730
D&J-IND;D;20151211;0;17265.2100000;22956
D&J-IND;D;20151214;0;17368.5000000;23003
D&J-IND;D;20151215;0;17524.9100000;23067
D&J-IND;D;20151216;0;17749.0900000;23119
D&J-IND;D;20151217;0;17495.8400000;22192
D&J-IND;D;20151218;0;17128.4500000;23066
D&J-IND;D;20151221;0;17251.6200000;22907
D&J-IND;D;20151222;0;17417.2700000;22827
D&J-IND;D;20151223;0;17602.6100000;22722
D&J-IND;D;20151224;0;17552.1700000;12193
D&J-IND;D;20151228;0;17528.2700000;22273
D&J-IND;D;20151229;0;17720.9800000;22273
D&J-IND;D;20151230;0;17603.8700000;21813
D&J-IND;D;20151231;0;17425.0300000;22117
D&J-IND;D;20160104;0;17148.9400000;23321
D&J-IND;D;20160105;0;17158.6600000;22904
D&J-IND;D;20160106;0;16906.5100000;22832
D&J-IND;D;20160107;0;16514.1000000;23147
D&J-IND;D;20160108;0;16346.4500000;23040
D&J-IND;D;20160111;0;16398.5700000;22928
D&J-IND;D;20160112;0;16516.2200000;23087
D&J-IND;D;20160113;0;16151.4100000;23041
D&J-IND;D;20160114;0;16379.0500000;23271
D&J-IND;D;20160115;0;15988.0800000;23085
D&J-IND;D;20160119;0;16016.0200000;23289
D&J-IND;D;20160120;0;15766.7400000;23331
D&J-IND;D;20160121;0;15882.6800000;23129
D&J-IND;D;20160122;0;16093.5100000;23180
D&J-IND;D;20160125;0;15885.2200000;22040
D&J-IND;D;20160126;0;16167.2300000;23168
D&J-IND;D;20160127;0;15944.4600000;21696
D&J-IND;D;20160128;0;16069.6400000;23307
D&J-IND;D;20160129;0;16466.3000000;22976
D&J-IND;D;20160201;0;16449.1800000;22814
D&J-IND;D;20160202;0;16153.5400000;23187
D&J-IND;D;20160203;0;16336.6600000;23095
D&J-IND;D;20160204;0;16416.5800000;22441
D&J-IND;D;20160205;0;16204.8300000;23096
D&J-IND;D;20160208;0;16027.0500000;23078
D&J-IND;D;20160209;0;16014.3800000;22089
D&J-IND;D;20160210;0;15914.7400000;23198
D&J-IND;D;20160211;0;15660.1800000;23139
D&J-IND;D;20160212;0;15973.8400000;23045
D&J-IND;D;20160216;0;16196.4100000;22882
D&J-IND;D;20160217;0;16453.8300000;23202
D&J-IND;D;20160218;0;16413.4300000;23023
D&J-IND;D;20160219;0;16391.9900000;22889
D&J-IND;D;20160222;0;16620.6600000;22966
D&J-IND;D;20160223;0;16431.7800000;22889
D&J-IND;D;20160224;0;16484.9900000;18906
D&J-IND;D;20160225;0;16697.2900000;22351
D&J-IND;D;20160226;0;16639.9700000;22919
D&J-IND;D;20160229;0;16516.5000000;22732
D&J-IND;D;20160301;0;16865.0800000;22787
D&J-IND;D;20160302;0;16899.3200000;22574
D&J-IND;D;20160303;0;16943.9000000;22770
D&J-IND;D;20160304;0;17006.7700000;22751
D&J-IND;D;20160307;0;17073.9500000;21495
D&J-IND;D;20160308;0;16964.1000000;22747
D&J-IND;D;20160309;0;17000.3600000;22730
D&J-IND;D;20160310;0;16995.1300000;21571
D&J-IND;D;20160311;0;17213.3100000;22483
D&J-IND;D;20160314;0;17229.1300000;22471
D&J-IND;D;20160315;0;17251.5300000;22534
D&J-IND;D;20160316;0;17325.7600000;22960
D&J-IND;D;20160317;0;17481.4900000;23047
D&J-IND;D;20160318;0;17602.3000000;23019
D&J-IND;D;20160321;0;17623.8700000;22845
D&J-IND;D;20160322;0;17582.5700000;22460
D&J-IND;D;20160323;0;17502.5900000;22822
D&J-IND;D;20160324;0;17515.7300000;22557
D&J-IND;D;20160328;0;17535.3900000;22200
D&J-IND;D;20160329;0;17633.1100000;22735
D&J-IND;D;20160330;0;17716.6600000;22395
D&J-IND;D;20160331;0;17685.0900000;22542
D&J-IND;D;20160401;0;17792.7500000;22568
D&J-IND;D;20160404;0;17737.5988898;20541
D&J-IND;D;20160405;0;17603.9143761;22646
D&J-IND;D;20160406;0;17716.6481824;22545
D&J-IND;D;20160407;0;17542.5523043;22691
D&J-IND;D;20160408;0;17577.5534861;22633
D&J-IND;D;20160411;0;17557.0027922;22586
D&J-IND;D;20160412;0;17721.8483580;22783
D&J-IND;D;20160413;0;17908.8846731;22751
D&J-IND;D;20160414;0;17927.0352859;22514
D&J-IND;D;20160415;0;17898.0643077;22653
D&J-IND;D;20160418;0;18004.7679105;22685
D&J-IND;D;20160419;0;18054.2095798;22942
D&J-IND;D;20160420;0;18096.8810206;23052
D&J-IND;D;20160421;0;17983.1271798;23422
D&J-IND;D;20160422;0;18004.3578966;22959
D&J-IND;D;20160425;0;17977.8470015;22698
D&J-IND;D;20160426;0;17990.9274432;22531
D&J-IND;D;20160427;0;18042.1591729;22743
D&J-IND;D;20160428;0;17831.3620556;22864
D&J-IND;D;20160429;0;17774.2401270;22891
D&J-IND;D;20160502;0;17891.7640950;22624
D&J-IND;D;20160503;0;17751.5093595;22723
D&J-IND;D;20160504;0;17651.8559948;22662
D&J-IND;D;20160505;0;17661.3063139;22564
D&J-IND;D;20160506;0;17741.2290124;22532
D&J-IND;D;20160509;0;17706.5078401;22471
D&J-IND;D;20160510;0;17928.9553507;22416
D&J-IND;D;20160511;0;17711.7180160;22548
D&J-IND;D;20160512;0;17721.0983327;22631
D&J-IND;D;20160513;0;17535.9120801;22511
D&J-IND;D;20160516;0;17711.3080021;22696
D&J-IND;D;20160517;0;17530.5718998;22648
D&J-IND;D;20160518;0;17527.2117863;22796
D&J-IND;D;20160519;0;17435.9887063;22769
D&J-IND;D;20160520;0;17501.5309192;21964
D&J-IND;D;20160523;0;17493.5206488;22343
D&J-IND;D;20160524;0;17706.6478448;21832
D&J-IND;D;20160525;0;17852.1127562;21856
D&J-IND;D;20160526;0;17828.8919722;21582
D&J-IND;D;20160527;0;17873.8234893;21313
D&J-IND;D;20160531;0;17787.7305824;22434
D&J-IND;D;20160601;0;17790.2706682;22299
D&J-IND;D;20160602;0;17839.1623190;22337
D&J-IND;D;20160603;0;17807.6612554;22283
D&J-IND;D;20160606;0;17920.9350799;22538
D&J-IND;D;20160607;0;17938.8856860;22298
D&J-IND;D;20160608;0;18005.6579405;22307
D&J-IND;D;20160609;0;17985.7972699;22259
D&J-IND;D;20160610;0;17865.9432232;22404
D&J-IND;D;20160613;0;17733.0787372;22458
D&J-IND;D;20160614;0;17675.4167903;22529
D&J-IND;D;20160615;0;17640.7656203;20799
D&J-IND;D;20160616;0;17733.6987581;22366
D&J-IND;D;20160617;0;17675.7568018;22112
D&J-IND;D;20160620;0;17805.4711814;22002
D&J-IND;D;20160621;0;17830.3320208;21559
D&J-IND;D;20160622;0;17781.4303697;22238
D&J-IND;D;20160623;0;18011.6781438;21744
D&J-IND;D;20160624;0;17400.4475063;22873
D&J-IND;D;20160627;0;17140.8187402;22707
D&J-IND;D;20160628;0;17410.3078392;22798
D&J-IND;D;20160629;0;17695.2774609;22824
D&J-IND;D;20160630;0;17930.5954061;22968
D&J-IND;D;20160701;0;17949.9760605;22212
D&J-IND;D;20160705;0;17841.2223885;22191
D&J-IND;D;20160706;0;17919.2250222;22386
D&J-IND;D;20160707;0;17896.4842544;22398
D&J-IND;D;20160708;0;18147.3527247;22433
D&J-IND;D;20160711;0;18227.5454323;22171
D&J-IND;D;20160712;0;18348.2895091;22783
D&J-IND;D;20160713;0;18372.7403346;22012
D&J-IND;D;20160714;0;18507.0348689;22450
D&J-IND;D;20160715;0;18517.1752113;22091
D&J-IND;D;20160718;0;18533.6757684;22043
D&J-IND;D;20160719;0;18559.6366450;22869
D&J-IND;D;20160720;0;18595.6578612;22865
D&J-IND;D;20160721;0;18517.8552343;22490
D&J-IND;D;20160722;0;18571.4770448;21782
D&J-IND;D;20160725;0;18493.6844182;22069
D&J-IND;D;20160726;0;18474.3737662;22428
D&J-IND;D;20160727;0;18472.7937128;22454
D&J-IND;D;20160728;0;18456.9731787;21827
D&J-IND;D;20160729;0;18432.8623646;21990
D&J-IND;D;20160801;0;18405.1314283;22144
D&J-IND;D;20160802;0;18314.3883644;22300
D&J-IND;D;20160803;0;18355.6197566;21718
D&J-IND;D;20160804;0;18352.6696570;21349
D&J-IND;D;20160805;0;18544.1561223;21799
D&J-IND;D;20160808;0;18529.9156415;21624
D&J-IND;D;20160809;0;18533.6757684;21705
D&J-IND;D;20160810;0;18496.2845060;21638
D&J-IND;D;20160811;0;18614.1484855;21693
D&J-IND;D;20160812;0;18577.0972345;16949
D&J-IND;D;20160815;0;18636.6792462;21489
D&J-IND;D;20160816;0;18552.6464090;21748
D&J-IND;D;20160817;0;18574.5671491;22691
D&J-IND;D;20160818;0;18598.3279513;22181
D&J-IND;D;20160819;0;18553.1964275;22256
D&J-IND;D;20160822;0;18530.0456459;21929
D&J-IND;D;20160823;0;18547.9262496;21867
D&J-IND;D;20160824;0;18482.1040272;22107
D&J-IND;D;20160825;0;18449.0329106;22322
D&J-IND;D;20160826;0;18396.0211207;21973
D&J-IND;D;20160829;0;18503.6147535;21834
D&J-IND;D;20160830;0;18454.9231094;21345
D&J-IND;D;20160831;0;18401.5013057;21205
D&J-IND;D;20160901;0;18419.9219277;21338
D&J-IND;D;20160902;0;18492.5843810;21058
D&J-IND;D;20160906;0;18538.7459396;21943
D&J-IND;D;20160907;0;18526.7655351;22270
D&J-IND;D;20160908;0;18480.5339742;22145
D&J-IND;D;20160909;0;18086.0606552;21311
D&J-IND;D;20160912;0;18325.6887460;21132
D&J-IND;D;20160913;0;18067.3600238;22049
D&J-IND;D;20160914;0;18035.3789440;22630
D&J-IND;D;20160915;0;18213.0949444;22253
D&J-IND;D;20160916;0;18124.4119501;22390
D&J-IND;D;20160919;0;18120.7818275;22106
D&J-IND;D;20160920;0;18130.5721581;21922
D&J-IND;D;20160921;0;18294.3176868;21540
D&J-IND;D;20160922;0;18393.0810214;21386
D&J-IND;D;20160923;0;18262.0665979;22433
D&J-IND;D;20160926;0;18095.4409719;21606
D&J-IND;D;20160927;0;18228.9154786;22374
D&J-IND;D;20160928;0;18339.8592244;22993
D&J-IND;D;20160929;0;18144.0626136;23252
D&J-IND;D;20160930;0;18308.7681747;22603
D&J-IND;D;20161003;0;18254.4663413;21804
D&J-IND;D;20161004;0;18169.0634577;22403
D&J-IND;D;20161005;0;18281.6472590;22520
D&J-IND;D;20161006;0;18269.1168359;22863
D&J-IND;D;20161007;0;18241.1058901;22215
D&J-IND;D;20161010;0;18329.6588800;22238
D&J-IND;D;20161011;0;18129.2721142;22320
D&J-IND;D;20161012;0;18144.8126389;21679
D&J-IND;D;20161013;0;18099.5511107;22376
D&J-IND;D;20161014;0;18138.9924424;21950
D&J-IND;D;20161017;0;18087.0106873;24542
D&J-IND;D;20161018;0;18162.5532379;24583
D&J-IND;D;20161019;0;18203.2346115;24594
D&J-IND;D;20161020;0;18162.9632518;24596
D&J-IND;D;20161021;0;18146.3226899;24585
D&J-IND;D;20161024;0;18223.6453006;24592
D&J-IND;D;20161025;0;18169.8834854;24591
D&J-IND;D;20161026;0;18199.9445004;24591
D&J-IND;D;20161027;0;18170.2934993;24583
D&J-IND;D;20161028;0;18161.8032126;24460
D&J-IND;D;20161031;0;18143.0325788;24591
D&J-IND;D;20161101;0;18037.7090227;24583
D&J-IND;D;20161102;0;17960.2464072;24586
D&J-IND;D;20161103;0;17931.2754291;24586
D&J-IND;D;20161104;0;17888.8839978;24589
D&J-IND;D;20161107;0;18260.2165354;24590
D&J-IND;D;20161108;0;18333.0489945;24248
D&J-IND;D;20161109;0;18590.3176809;23720
D&J-IND;D;20161110;0;18808.5150481;23521
D&J-IND;D;20161111;0;18848.2963912;23905
D&J-IND;D;20161114;0;18869.3271013;24170
D&J-IND;D;20161115;0;18923.6989371;24232
D&J-IND;D;20161116;0;18868.7770828;24402
D&J-IND;D;20161117;0;18904.4582875;24292
D&J-IND;D;20161118;0;18868.5670757;24292
D&J-IND;D;20161121;0;18957.3300726;24581
D&J-IND;D;20161122;0;19024.5123410;24585
D&J-IND;D;20161123;0;19083.8243436;24354
D&J-IND;D;20161125;0;19152.7866720;13798
D&J-IND;D;20161128;0;19098.5448406;24578
D&J-IND;D;20161129;0;19122.2456408;24567
D&J-IND;D;20161130;0;19124.2257077;24390
D&J-IND;D;20161201;0;19192.5780155;24554
D&J-IND;D;20161202;0;19171.0672892;24572
D&J-IND;D;20161205;0;19216.8888363;24565
D&J-IND;D;20161206;0;19252.4300364;24566
D&J-IND;D;20161207;0;19550.2800929;24512
D&J-IND;D;20161208;0;19615.4722941;24587
D&J-IND;D;20161209;0;19757.5170900;23892
D&J-IND;D;20161212;0;19797.0984265;24221
D&J-IND;D;20161213;0;19911.8823020;24531
D&J-IND;D;20161214;0;19793.1982948;24509
D&J-IND;D;20161215;0;19852.9103109;24585
D&J-IND;D;20161216;0;19844.0800127;24522
D&J-IND;D;20161219;0;19883.7313515;24401
D&J-IND;D;20161220;0;19975.2944430;24456
D&J-IND;D;20161221;0;19942.6333403;24466
D&J-IND;D;20161222;0;19919.5525610;24501
D&J-IND;D;20161223;0;19934.4830651;24497
D&J-IND;D;20161227;0;19945.7134443;24506
D&J-IND;D;20161228;0;19834.3496842;24440
D&J-IND;D;20161229;0;19820.4492149;24443
D&J-IND;D;20161230;0;19763.2672842;24403
D&J-IND;D;20170103;0;19882.4313076;24290
D&J-IND;D;20170104;0;19942.8333470;24336
D&J-IND;D;20170105;0;19899.9618995;24384
D&J-IND;D;20170106;0;19964.4740777;24398
D&J-IND;D;20170109;0;19888.0514974;24404
D&J-IND;D;20170110;0;19856.2004220;24369
D&J-IND;D;20170111;0;19954.9537563;24326
D&J-IND;D;20170112;0;19891.6716196;24335
D&J-IND;D;20170113;0;19886.4014417;24434
D&J-IND;D;20170117;0;19827.4394509;24365
D&J-IND;D;20170118;0;19805.3887064;24247
D&J-IND;D;20170119;0;19733.0662645;24245
D&J-IND;D;20170120;0;19827.9194671;24431
D&J-IND;D;20170123;0;19800.5185419;24256
D&J-IND;D;20170124;0;19913.3823527;24328
D&J-IND;D;20170125;0;20069.1876132;24195
D&J-IND;D;20170126;0;20101.5887072;24312
D&J-IND;D;20170127;0;20094.4584665;24296
D&J-IND;D;20170130;0;19971.8043252;24273
D&J-IND;D;20170131;0;19864.7607110;24163
D&J-IND;D;20170201;0;19891.6116176;24244
D&J-IND;D;20170202;0;19885.5814140;24316
D&J-IND;D;20170203;0;20072.1377129;24347
D&J-IND;D;20170206;0;20053.0970700;24401
D&J-IND;D;20170207;0;20090.9683486;24383
D&J-IND;D;20170208;0;20055.0171348;24364
D&J-IND;D;20170209;0;20173.0811211;24361
D&J-IND;D;20170210;0;20270.0543953;24570
D&J-IND;D;20170213;0;20412.8492166;24465
D&J-IND;D;20170214;0;20505.1023314;24213
D&J-IND;D;20170215;0;20612.5559595;23275
D&J-IND;D;20170216;0;20620.4662265;21599
D&J-IND;D;20170217;0;20624.7463711;22590
D&J-IND;D;20170221;0;20743.7003874;13760
D&J-IND;D;20170222;0;20776.3014881;24046
D&J-IND;D;20170223;0;20811.0226605;24590
D&J-IND;D;20170224;0;20822.4630467;24577
D&J-IND;D;20170227;0;20838.1435762;24578
D&J-IND;D;20170228;0;20812.9427253;24580
D&J-IND;D;20170301;0;21116.2629666;24585
D&J-IND;D;20170302;0;21003.6791653;24590
D&J-IND;D;20170303;0;21006.4192578;24584
D&J-IND;D;20170306;0;20955.0475233;24232
D&J-IND;D;20170307;0;20925.4665245;23699
D&J-IND;D;20170308;0;20856.4341937;23388
D&J-IND;D;20170309;0;20858.8942768;23212
D&J-IND;D;20170310;0;20903.6857891;24296
D&J-IND;D;20170313;0;20882.1850632;24540
D&J-IND;D;20170314;0;20838.0735738;24577
D&J-IND;D;20170315;0;20950.8073801;24044
D&J-IND;D;20170316;0;20935.2568551;24025
D&J-IND;D;20170317;0;20915.3261821;24566
D&J-IND;D;20170320;0;20906.5658864;24532
D&J-IND;D;20170321;0;20668.7078554;24452
D&J-IND;D;20170322;0;20661.9976288;24206
D&J-IND;D;20170323;0;20657.2774694;24257
D&J-IND;D;20170324;0;20597.4154483;24500
D&J-IND;D;20170327;0;20551.6739038;24582
D&J-IND;D;20170328;0;20702.1989862;24589
D&J-IND;D;20170329;0;20660.0175619;24585
D&J-IND;D;20170330;0;20729.1898975;24540
D&J-IND;D;20170331;0;20663.9176936;24505
D&J-IND;D;20170403;0;20650.9072543;24583
D&J-IND;D;20170404;0;20689.9385722;24560
D&J-IND;D;20170405;0;20648.8471848;22669
D&J-IND;D;20170406;0;20663.6476845;24553
D&J-IND;D;20170407;0;20656.7974532;24537
D&J-IND;D;20170410;0;20658.7175181;24562
D&J-IND;D;20170411;0;20651.9972911;24561
D&J-IND;D;20170412;0;20592.5552842;24571
D&J-IND;D;20170413;0;20453.9406040;24573
D&J-IND;D;20170417;0;20637.6168056;24556
D&J-IND;D;20170418;0;20523.9729686;24533
D&J-IND;D;20170419;0;20405.1789576;24022
D&J-IND;D;20170420;0;20579.4048401;24583
D&J-IND;D;20170421;0;20548.4537951;24514
D&J-IND;D;20170424;0;20764.5910928;24238
D&J-IND;D;20170425;0;20996.8289340;24564
D&J-IND;D;20170426;0;20975.7982239;24037
D&J-IND;D;20170427;0;20982.0384346;24241
D&J-IND;D;20170428;0;20941.2170563;24221
D&J-IND;D;20170501;0;20914.1661430;24554
D&J-IND;D;20170502;0;20950.5973730;24073
D&J-IND;D;20170503;0;20958.6076435;24509
D&J-IND;D;20170504;0;20952.1774264;24576
D&J-IND;D;20170505;0;21007.6492993;24538
D&J-IND;D;20170508;0;21012.9894796;24568
D&J-IND;D;20170509;0;20976.4882472;24474
D&J-IND;D;20170510;0;20943.8171441;24502
D&J-IND;D;20170511;0;20920.1263442;24575
D&J-IND;D;20170512;0;20897.3155740;24555
D&J-IND;D;20170515;0;20982.6484552;24558
D&J-IND;D;20170516;0;20980.4583813;24578
D&J-IND;D;20170517;0;20607.6257930;24390
D&J-IND;D;20170518;0;20663.7176869;24064
D&J-IND;D;20170519;0;20805.5424754;24554
D&J-IND;D;20170522;0;20895.5355139;24249
D&J-IND;D;20170523;0;20938.6169685;24587
D&J-IND;D;20170524;0;21013.1294844;24047
D&J-IND;D;20170525;0;21083.6618658;24151
D&J-IND;D;20170526;0;21080.9917757;24587
D&J-IND;D;20170530;0;21030.1800601;24596
D&J-IND;D;20170531;0;21009.3593571;22113
D&J-IND;D;20170601;0;21144.8939332;24135
D&J-IND;D;20170602;0;21207.0060304;24149
D&J-IND;D;20170605;0;21184.7552791;24417
D&J-IND;D;20170606;0;21136.9436648;24581
D&J-IND;D;20170607;0;21174.4049296;24577
D&J-IND;D;20170608;0;21183.2452281;23905
D&J-IND;D;20170609;0;21272.6882481;24481
D&J-IND;D;20170612;0;21236.3870224;24345
D&J-IND;D;20170613;0;21329.1901558;24575
D&J-IND;D;20170614;0;21375.2817120;24471
D&J-IND;D;20170615;0;21360.6212170;24583
D&J-IND;D;20170616;0;21385.0020402;24574
D&J-IND;D;20170619;0;21529.7169264;24583
D&J-IND;D;20170620;0;21467.8648380;24583
D&J-IND;D;20170621;0;21410.7529097;24570
D&J-IND;D;20170622;0;21398.0124795;24593
D&J-IND;D;20170623;0;21395.4823941;21481
D&J-IND;D;20170626;0;21410.2728935;24577
D&J-IND;D;20170627;0;21311.3795544;24531
D&J-IND;D;20170628;0;21455.3344149;23902
D&J-IND;D;20170629;0;21287.7487566;24419
D&J-IND;D;20170630;0;21350.3508703;24478
D&J-IND;D;20170703;0;21479.9952476;13791
D&J-IND;D;20170705;0;21478.8952104;24582
D&J-IND;D;20170706;0;21320.7598712;24511
D&J-IND;D;20170707;0;21415.0630552;24587
D&J-IND;D;20170710;0;21409.2428587;24587
D&J-IND;D;20170711;0;21409.7928773;24555
D&J-IND;D;20170712;0;21532.8670327;24562
D&J-IND;D;20170713;0;21553.8177401;24492
D&J-IND;D;20170714;0;21638.4705983;24557
D&J-IND;D;20170717;0;21630.4503275;24593
D&J-IND;D;20170718;0;21575.4584708;24593
D&J-IND;D;20170719;0;21641.4806999;24591
D&J-IND;D;20170720;0;21612.5097218;24542
D&J-IND;D;20170721;0;21580.7986511;24582
D&J-IND;D;20170724;0;21513.8963922;24588
D&J-IND;D;20170725;0;21614.1597775;24585
D&J-IND;D;20170726;0;21711.7430723;24481
D&J-IND;D;20170727;0;21797.2859605;24542
D&J-IND;D;20170728;0;21831.0471004;24578
D&J-IND;D;20170731;0;21891.8591537;24577
D&J-IND;D;20170801;0;21964.6616118;24589
D&J-IND;D;20170802;0;22016.9833783;24572
D&J-IND;D;20170803;0;22026.8437113;24583
D&J-IND;D;20170804;0;22093.5559637;24573
D&J-IND;D;20170807;0;22119.1668285;24587
D&J-IND;D;20170808;0;22086.0857115;23557
D&J-IND;D;20170809;0;22049.4444744;24570
D&J-IND;D;20170810;0;21844.7475630;23515
D&J-IND;D;20170811;0;21859.0580462;24480
D&J-IND;D;20170814;0;21994.4526176;24578
D&J-IND;D;20170815;0;21999.7327959;24570
D&J-IND;D;20170816;0;22025.6136697;24578
D&J-IND;D;20170817;0;21751.4644134;24372
D&J-IND;D;20170818;0;21675.2418398;24538
D&J-IND;D;20170821;0;21704.4828271;24583
D&J-IND;D;20170822;0;21900.6294498;24126
D&J-IND;D;20170823;0;21812.8264852;24579
D&J-IND;D;20170824;0;21784.1355165;24594
D&J-IND;D;20170825;0;21814.4065386;24576
D&J-IND;D;20170828;0;21809.1363606;24011
D&J-IND;D;20170829;0;21866.1082842;24546
D&J-IND;D;20170830;0;21893.1691979;23696
D&J-IND;D;20170831;0;21948.8410776;24485
D&J-IND;D;20170901;0;21988.3024100;24540
D&J-IND;D;20170905;0;21754.0445005;24436
D&J-IND;D;20170906;0;21808.3763350;24564
D&J-IND;D;20170907;0;21785.5155631;24573
D&J-IND;D;20170908;0;21798.5260024;24577
D&J-IND;D;20170911;0;22058.1147671;23533
D&J-IND;D;20170912;0;22119.6068433;22782
D&J-IND;D;20170913;0;22158.9281710;24579
D&J-IND;D;20170914;0;22204.2297005;24577
D&J-IND;D;20170915;0;22269.0918905;24560
D&J-IND;D;20170918;0;22332.1040180;24554
D&J-IND;D;20170919;0;22371.5553501;24539
D&J-IND;D;20170920;0;22413.3467611;24504
D&J-IND;D;20170921;0;22359.9849594;24582
D&J-IND;D;20170922;0;22350.3446339;24095
D&J-IND;D;20170925;0;22296.8428275;24566
D&J-IND;D;20170926;0;22285.0724301;24576
D&J-IND;D;20170927;0;22341.4643341;24508
D&J-IND;D;20170928;0;22381.9557012;24581
D&J-IND;D;20170929;0;22405.8465079;24437
D&J-IND;D;20171002;0;22558.3616574;24536